<NeuralNetwork>
    <Inputs>
        <InputsNumber>2</InputsNumber>
        <Item Index="1">
            <Name>x1</Name>
            <Units></Units>
            <Description></Description>
        </Item>
        <Item Index="2">
            <Name>x2</Name>
            <Units></Units>
            <Description></Description>
        </Item>
    </Inputs>
    <ScalingLayer>
        <ScalingNeuronsNumber>2</ScalingNeuronsNumber>
        <Statistics Index="1">
            <Minimum>0.186207</Minimum>
            <Maximum>0.868056</Maximum>
            <Mean>0.497146</Mean>
            <StandardDeviation>0.190358</StandardDeviation>
        </Statistics>
        <Statistics Index="2">
            <Minimum>0.149351</Minimum>
            <Maximum>0.875</Maximum>
            <Mean>0.488018</Mean>
            <StandardDeviation>0.198204</StandardDeviation>
        </Statistics>
        <ScalingMethod>MinimumMaximum</ScalingMethod>
    </ScalingLayer>
    <MultilayerPerceptron>
        <Architecture>2 2 1</Architecture>
        <LayersActivationFunction>HyperbolicTangent Logistic</LayersActivationFunction>
        <Parameters>277.011 202.25 -129.079 67.6683 177.936 -161.058 -124.844 159.183 -36.0122</Parameters>
    </MultilayerPerceptron>
    <Outputs>
        <OutputsNumber>1</OutputsNumber>
        <Item Index="1">
            <Name>y</Name>
            <Units></Units>
            <Description></Description>
        </Item>
    </Outputs>
</NeuralNetwork>
