<DataSet>
    <DataFile>
        <FileType>dat</FileType>
        <FirstCell></FirstCell>
        <LastCell></LastCell>
        <SheetNumber>1</SheetNumber>
        <LagsNumber>0</LagsNumber>
        <StepsAhead>0</StepsAhead>
        <ColumnsName>0</ColumnsName>
        <RowsLabel>0</RowsLabel>
        <Separator>Space</Separator>
        <MissingValuesLabel>?</MissingValuesLabel>
        <DataFileName>../data/pima_indians_diabetes.dat</DataFileName>
    </DataFile>
    <Variables>
        <VariablesNumber>9</VariablesNumber>
        <Item Index="1">
            <Name>pregnant</Name>
            <Units></Units>
            <Description></Description>
            <Use>Input</Use>
        </Item>
        <Item Index="2">
            <Name>glucose</Name>
            <Units></Units>
            <Description></Description>
            <Use>Input</Use>
        </Item>
        <Item Index="3">
            <Name>pressure</Name>
            <Units>mmHg</Units>
            <Description></Description>
            <Use>Input</Use>
        </Item>
        <Item Index="4">
            <Name>thickness</Name>
            <Units>mm</Units>
            <Description></Description>
            <Use>Input</Use>
        </Item>
        <Item Index="5">
            <Name>insulin</Name>
            <Units>muU/ml</Units>
            <Description></Description>
            <Use>Input</Use>
        </Item>
        <Item Index="6">
            <Name>mass_index</Name>
            <Units>kg/m2</Units>
            <Description></Description>
            <Use>Input</Use>
        </Item>
        <Item Index="7">
            <Name>pedigree</Name>
            <Units></Units>
            <Description></Description>
            <Use>Input</Use>
        </Item>
        <Item Index="8">
            <Name>age</Name>
            <Units></Units>
            <Description></Description>
            <Use>Input</Use>
        </Item>
        <Item Index="9">
            <Name>diabetes</Name>
            <Units></Units>
            <Description></Description>
            <Use>Target</Use>
        </Item>
    </Variables>
    <Instances>
        <InstancesNumber>768</InstancesNumber>
        <ItemsUses>0 2 0 0 0 0 0 0 0 0 0 2 0 2 0 0 0 0 0 0 2 0 2 0 0 0 0 0 2 0 0 0 2 0 2 0 0 2 0 0 2 0 0 0 0 2 2 0 0 0 2 0 2 0 2 0 2 0 0 0 0 0 2 0 0 0 0 0 2 0 0 2 0 0 2 2 0 0 0 2 0 0 2 0 2 0 0 2 2 0 0 0 0 2 0 0 0 2 0 0 0 2 0 0 0 2 0 0 0 2 0 2 0 0 0 2 0 0 2 0 2 0 0 2 0 0 0 0 2 2 0 0 0 2 0 2 0 0 0 0 0 0 0 0 0 0 2 0 0 0 0 0 0 0 0 0 0 0 0 2 0 0 0 0 2 0 0 2 0 2 2 0 0 0 2 2 2 0 2 0 0 0 0 0 0 0 0 0 2 0 0 0 2 2 2 0 0 0 2 0 0 2 0 0 0 2 2 0 0 0 2 0 0 2 0 2 0 0 0 0 0 0 0 0 0 0 0 0 0 0 0 2 0 2 0 0 0 0 0 0 0 0 0 0 2 0 0 0 0 0 0 0 0 2 0 0 2 0 0 2 0 0 2 0 0 0 0 0 0 0 2 0 0 0 0 2 0 2 2 0 0 0 0 0 0 0 2 0 0 0 2 0 0 0 2 0 0 2 0 2 0 2 0 0 2 0 0 2 0 0 0 0 0 0 0 0 2 0 0 0 0 0 0 0 2 0 0 0 2 0 0 2 0 2 0 0 0 0 0 2 0 0 0 0 2 0 0 0 2 0 0 0 0 0 0 0 0 0 2 0 0 0 0 0 0 0 0 0 0 0 2 0 0 0 0 0 0 0 0 0 2 0 0 0 0 0 0 0 2 2 2 2 0 0 0 0 0 0 2 0 0 0 2 0 0 0 0 0 0 0 0 0 2 0 0 0 2 0 2 0 0 0 0 0 0 0 0 2 0 2 0 0 2 0 2 2 0 0 0 0 0 0 0 0 0 0 0 0 0 0 2 2 0 0 0 2 0 0 0 0 0 2 0 0 0 2 0 0 2 0 0 0 2 0 2 2 2 0 2 2 0 0 0 0 0 0 0 2 0 0 0 0 0 0 0 0 0 0 0 0 2 2 2 0 0 0 0 2 0 2 2 0 0 2 2 0 0 0 0 0 0 0 2 2 2 0 0 0 0 0 0 2 2 0 2 0 0 0 0 0 2 0 0 0 0 0 2 2 2 0 0 0 2 2 0 2 0 2 0 0 0 0 0 0 0 2 2 0 0 0 2 2 0 2 0 0 0 0 0 2 0 0 0 0 0 0 0 2 0 0 2 2 0 0 2 2 2 0 0 0 2 0 2 0 0 0 0 0 0 2 2 0 0 0 2 0 2 2 0 0 0 0 0 0 0 0 0 0 0 0 0 0 2 0 0 2 2 0 2 2 2 2 2 2 0 0 0 0 0 2 0 0 0 0 0 0 0 0 0 0 2 2 0 0 0 2 0 0 2 0 0 0 0 0 2 0 0 2 0 0 0 2 0 0 2 2 0 2 2 2 0 0 0 0 0 0 0 0 0 0 0 0 0 0 0 0 0 0 0 2 0 0 0 2 0 0 2 0 0 0 0 0 0 0 0 0 0 0 2 0 0 0 0 0 0 0 0 2 0 0 0 0 0 0 0 2 2 0 0 2 2 0 0 0 0 0 2 2 0 0 0 0 0 0 0 0 0 0</ItemsUses>
    </Instances>
    <MissingValues>
        <InstancesNumber>768</InstancesNumber>
        <VariablesNumber>9</VariablesNumber>
        <ScrubbingMethod>Unuse</ScrubbingMethod>
        <MissingValuesNumber>0</MissingValuesNumber>
    </MissingValues>
</DataSet>
