<NeuralNetwork>
    <Inputs>
        <InputsNumber>8</InputsNumber>
        <Item Index="1">
            <Name>pregnant</Name>
            <Units></Units>
            <Description></Description>
        </Item>
        <Item Index="2">
            <Name>glucose</Name>
            <Units></Units>
            <Description></Description>
        </Item>
        <Item Index="3">
            <Name>pressure</Name>
            <Units>mmHg</Units>
            <Description></Description>
        </Item>
        <Item Index="4">
            <Name>thickness</Name>
            <Units>mm</Units>
            <Description></Description>
        </Item>
        <Item Index="5">
            <Name>insulin</Name>
            <Units>muU/ml</Units>
            <Description></Description>
        </Item>
        <Item Index="6">
            <Name>mass_index</Name>
            <Units>kg/m2</Units>
            <Description></Description>
        </Item>
        <Item Index="7">
            <Name>pedigree</Name>
            <Units></Units>
            <Description></Description>
        </Item>
        <Item Index="8">
            <Name>age</Name>
            <Units></Units>
            <Description></Description>
        </Item>
    </Inputs>
    <ScalingLayer>
        <ScalingNeuronsNumber>8</ScalingNeuronsNumber>
        <Statistics Index="1">
            <Minimum>0</Minimum>
            <Maximum>17</Maximum>
            <Mean>3.84505</Mean>
            <StandardDeviation>3.36958</StandardDeviation>
        </Statistics>
        <Statistics Index="2">
            <Minimum>0</Minimum>
            <Maximum>199</Maximum>
            <Mean>120.895</Mean>
            <StandardDeviation>31.9726</StandardDeviation>
        </Statistics>
        <Statistics Index="3">
            <Minimum>0</Minimum>
            <Maximum>122</Maximum>
            <Mean>69.1055</Mean>
            <StandardDeviation>19.3558</StandardDeviation>
        </Statistics>
        <Statistics Index="4">
            <Minimum>0</Minimum>
            <Maximum>99</Maximum>
            <Mean>20.5365</Mean>
            <StandardDeviation>15.9522</StandardDeviation>
        </Statistics>
        <Statistics Index="5">
            <Minimum>0</Minimum>
            <Maximum>846</Maximum>
            <Mean>79.7995</Mean>
            <StandardDeviation>115.244</StandardDeviation>
        </Statistics>
        <Statistics Index="6">
            <Minimum>0</Minimum>
            <Maximum>67.1</Maximum>
            <Mean>31.9926</Mean>
            <StandardDeviation>7.88416</StandardDeviation>
        </Statistics>
        <Statistics Index="7">
            <Minimum>0.078</Minimum>
            <Maximum>2.42</Maximum>
            <Mean>0.471876</Mean>
            <StandardDeviation>0.331329</StandardDeviation>
        </Statistics>
        <Statistics Index="8">
            <Minimum>21</Minimum>
            <Maximum>81</Maximum>
            <Mean>33.2409</Mean>
            <StandardDeviation>11.7602</StandardDeviation>
        </Statistics>
        <ScalingMethod>MinimumMaximum</ScalingMethod>
    </ScalingLayer>
    <MultilayerPerceptron>
        <Architecture>8 6 1</Architecture>
        <LayersActivationFunction>HyperbolicTangent Logistic</LayersActivationFunction>
        <Parameters>3.49058 -0.133018 0.782693 0.366624 0.0592616 -0.231669 0.907861 0.509369 -0.324057 -2979.32 938.388 -1067.38 3673.58 -780.863 383.97 1717.04 -1795.07 -2547.18 1465.98 -3166.01 -458.291 -1438.96 -313.319 -2450.77 3120.39 1955.81 1651.41 1198.43 398.487 676.297 -1656.27 2714.68 -1618.53 1846.41 -3008.26 -683.565 -2469.11 255.256 -584.784 -343.416 -424.997 -1930.5 -436.605 -552.339 93.8985 -2281.67 -1063.3 -2869.27 1312.46 -321.801 510.162 -1003.43 742.719 -3376.74 -3365.19 3044.64 -1.24481 -2918.82 3242.55 1.66309 -1.30048</Parameters>
    </MultilayerPerceptron>
    <Outputs>
        <OutputsNumber>1</OutputsNumber>
        <Item Index="1">
            <Name>diabetes</Name>
            <Units></Units>
            <Description></Description>
        </Item>
    </Outputs>
</NeuralNetwork>
