<DataSet>
    <DataFile>
        <FileType>dat</FileType>
        <FirstCell></FirstCell>
        <LastCell></LastCell>
        <SheetNumber>1</SheetNumber>
        <LagsNumber>0</LagsNumber>
        <StepsAhead>0</StepsAhead>
        <ColumnsName>0</ColumnsName>
        <RowsLabel>0</RowsLabel>
        <Separator>Space</Separator>
        <MissingValuesLabel>?</MissingValuesLabel>
        <DataFileName>../data/iris_plant.dat</DataFileName>
    </DataFile>
    <Variables>
        <VariablesNumber>7</VariablesNumber>
        <Item Index="1">
            <Name>sepal_length</Name>
            <Units>centimeters</Units>
            <Description></Description>
            <Use>Input</Use>
        </Item>
        <Item Index="2">
            <Name>sepal_width</Name>
            <Units>centimeters</Units>
            <Description></Description>
            <Use>Input</Use>
        </Item>
        <Item Index="3">
            <Name>petal_length</Name>
            <Units>centimeters</Units>
            <Description></Description>
            <Use>Input</Use>
        </Item>
        <Item Index="4">
            <Name>petal_width</Name>
            <Units>centimeters</Units>
            <Description></Description>
            <Use>Input</Use>
        </Item>
        <Item Index="5">
            <Name>iris_setosa</Name>
            <Units></Units>
            <Description></Description>
            <Use>Target</Use>
        </Item>
        <Item Index="6">
            <Name>iris_versicolour</Name>
            <Units></Units>
            <Description></Description>
            <Use>Target</Use>
        </Item>
        <Item Index="7">
            <Name>iris_virginica</Name>
            <Units></Units>
            <Description></Description>
            <Use>Target</Use>
        </Item>
    </Variables>
    <Instances>
        <InstancesNumber>150</InstancesNumber>
        <ItemsUses>0 0 0 0 0 1 0 1 0 2 1 0 0 2 0 2 0 0 0 2 1 0 2 1 0 0 1 1 0 2 0 2 0 0 0 0 0 0 0 2 0 0 2 0 1 2 0 1 1 0 0 1 2 0 1 0 0 0 1 0 1 0 0 0 2 0 1 0 1 1 0 0 0 2 0 0 2 0 2 1 0 0 0 1 0 2 0 0 0 1 2 0 2 0 2 0 1 0 1 0 0 2 0 1 0 0 1 2 2 2 0 1 1 1 0 2 0 0 0 0 0 0 0 1 0 0 0 2 2 2 0 0 0 0 0 0 0 0 2 0 0 0 0 2 1 0 0 0 1 2</ItemsUses>
    </Instances>
    <MissingValues>
        <InstancesNumber>150</InstancesNumber>
        <VariablesNumber>7</VariablesNumber>
        <ScrubbingMethod>Unuse</ScrubbingMethod>
        <MissingValuesNumber>0</MissingValuesNumber>
    </MissingValues>
</DataSet>
