<ModelSelection>
    <InputsSelection Type="GROWING_INPUTS">
        <TrialsNumber>1</TrialsNumber>
        <Tolerance>0.001</Tolerance>
        <SelectionLossGoal>0</SelectionLossGoal>
        <MaximumSelectionFailures>3</MaximumSelectionFailures>
        <MaximumInputsNumber>100</MaximumInputsNumber>
        <MinimumCorrelation>0</MinimumCorrelation>
        <MaximumCorrelation>1e+020</MaximumCorrelation>
        <MaximumIterationsNumber>1000</MaximumIterationsNumber>
        <MaximumTime>10000</MaximumTime>
        <ReservePerformanceHistory>1</ReservePerformanceHistory>
        <ReserveSelectionLossHistory>1</ReserveSelectionLossHistory>
    </InputsSelection>
    <OrderSelection Type="GOLDEN_SECTION">
        <MinimumOrder>1</MinimumOrder>
        <MaximumOrder>10</MaximumOrder>
        <TrialsNumber>1</TrialsNumber>
        <PerformanceCalculationMethod>Minimum</PerformanceCalculationMethod>
        <ReserveParametersData>1</ReserveParametersData>
        <ReservePerformanceHistory>1</ReservePerformanceHistory>
        <ReserveSelectionLossHistory>1</ReserveSelectionLossHistory>
        <ReserveMinimalParameters>1</ReserveMinimalParameters>
        <Display>1</Display>
        <SelectionLossGoal>0</SelectionLossGoal>
        <MaximumIterationsNumber>1000</MaximumIterationsNumber>
        <MaximumTime>10000</MaximumTime>
        <Tolerance>1e-007</Tolerance>
    </OrderSelection>
    <ThresholdSelection Type="YOUDEN_INDEX">
        <MinimumThreshold>0</MinimumThreshold>
        <MaximumThreshold>1</MaximumThreshold>
        <Step>0.001</Step>
    </ThresholdSelection>
</ModelSelection>
