<NeuralNetwork>
    <Inputs>
        <InputsNumber>4</InputsNumber>
        <Item Index="1">
            <Name>sepal_length</Name>
            <Units>centimeters</Units>
            <Description></Description>
        </Item>
        <Item Index="2">
            <Name>sepal_width</Name>
            <Units>centimeters</Units>
            <Description></Description>
        </Item>
        <Item Index="3">
            <Name>petal_length</Name>
            <Units>centimeters</Units>
            <Description></Description>
        </Item>
        <Item Index="4">
            <Name>petal_width</Name>
            <Units>centimeters</Units>
            <Description></Description>
        </Item>
    </Inputs>
    <ScalingLayer>
        <ScalingNeuronsNumber>4</ScalingNeuronsNumber>
        <Statistics Index="1">
            <Minimum>4.3</Minimum>
            <Maximum>7.9</Maximum>
            <Mean>5.84333</Mean>
            <StandardDeviation>0.828066</StandardDeviation>
        </Statistics>
        <Statistics Index="2">
            <Minimum>2</Minimum>
            <Maximum>4.4</Maximum>
            <Mean>3.05733</Mean>
            <StandardDeviation>0.435866</StandardDeviation>
        </Statistics>
        <Statistics Index="3">
            <Minimum>1</Minimum>
            <Maximum>6.9</Maximum>
            <Mean>3.758</Mean>
            <StandardDeviation>1.7653</StandardDeviation>
        </Statistics>
        <Statistics Index="4">
            <Minimum>0.1</Minimum>
            <Maximum>2.5</Maximum>
            <Mean>1.19933</Mean>
            <StandardDeviation>0.762238</StandardDeviation>
        </Statistics>
        <ScalingMethod>MinimumMaximum</ScalingMethod>
    </ScalingLayer>
    <MultilayerPerceptron>
        <Architecture>4 4 1</Architecture>
        <LayersActivationFunction>HyperbolicTangent Linear</LayersActivationFunction>
        <Parameters>0.928604 1.23293 -0.594476 2.18588 1.37851 0.715222 0.135352 0.000548923 -0.201113 -0.0264635 -1.34863 -0.0945441 1.42024 -2.44853 -2.18978 -1.53248 -0.75865 -0.359104 0.00384945 2.55424 0.665911 0.0729872 -0.26851 0.589936 -0.00376562</Parameters>
    </MultilayerPerceptron>
    <ProbabilisticLayer>
        <ProbabilisticNeuronsNumber>1</ProbabilisticNeuronsNumber>
        <ProbabilisticMethod>Softmax</ProbabilisticMethod>
        <DecisionThreshold>0.5</DecisionThreshold>
    </ProbabilisticLayer>
    <Outputs>
        <OutputsNumber>1</OutputsNumber>
        <Item Index="1">
            <Name>iris_setosa</Name>
            <Units></Units>
            <Description></Description>
        </Item>
    </Outputs>
</NeuralNetwork>
