<DataSet>
    <DataFile>
        <FileType>dat</FileType>
        <FirstCell></FirstCell>
        <LastCell></LastCell>
        <SheetNumber>1</SheetNumber>
        <LagsNumber>0</LagsNumber>
        <StepsAhead>0</StepsAhead>
        <ColumnsName>0</ColumnsName>
        <RowsLabel>3</RowsLabel>
        <Separator>Space</Separator>
        <MissingValuesLabel>?</MissingValuesLabel>
        <DataFileName>../data/logical_operations.dat</DataFileName>
    </DataFile>
    <Variables>
        <VariablesNumber>8</VariablesNumber>
        <Item Index="1">
            <Name>X</Name>
            <Units></Units>
            <Description></Description>
            <Use>Input</Use>
        </Item>
        <Item Index="2">
            <Name>Y</Name>
            <Units></Units>
            <Description></Description>
            <Use>Input</Use>
        </Item>
        <Item Index="3">
            <Name>AND</Name>
            <Units></Units>
            <Description></Description>
            <Use>Target</Use>
        </Item>
        <Item Index="4">
            <Name>OR</Name>
            <Units></Units>
            <Description></Description>
            <Use>Target</Use>
        </Item>
        <Item Index="5">
            <Name>NAND</Name>
            <Units></Units>
            <Description></Description>
            <Use>Target</Use>
        </Item>
        <Item Index="6">
            <Name>NOR</Name>
            <Units></Units>
            <Description></Description>
            <Use>Target</Use>
        </Item>
        <Item Index="7">
            <Name>XNOR</Name>
            <Units></Units>
            <Description></Description>
            <Use>Target</Use>
        </Item>
        <Item Index="8">
            <Name>XNOR</Name>
            <Units></Units>
            <Description></Description>
            <Use>Target</Use>
        </Item>
    </Variables>
    <Instances>
        <InstancesNumber>4</InstancesNumber>
        <ItemsUses>0 0 0 0</ItemsUses>
    </Instances>
    <MissingValues>
        <InstancesNumber>4</InstancesNumber>
        <VariablesNumber>8</VariablesNumber>
        <ScrubbingMethod>Unuse</ScrubbingMethod>
        <MissingValuesNumber>0</MissingValuesNumber>
    </MissingValues>
</DataSet>
