<NeuralNetwork>
    <Inputs>
        <InputsNumber>2</InputsNumber>
        <Item Index="1">
            <Name>X</Name>
            <Units></Units>
            <Description></Description>
        </Item>
        <Item Index="2">
            <Name>Y</Name>
            <Units></Units>
            <Description></Description>
        </Item>
    </Inputs>
    <MultilayerPerceptron>
        <Architecture>2 6 6</Architecture>
        <LayersActivationFunction>HyperbolicTangent Linear</LayersActivationFunction>
        <Parameters>-2.37382 1.14975 1.14862 0.24539 2.01018 2.00053 -2.72113 -1.5492 -1.20491 0.0387947 0.207408 0.20762 1.30501 1.53504 1.53324 1.59593 0.217976 0.213463 0.452482 1.12435 -0.626647 0.887558 0.720058 1.10067 0.765853 0.440995 -0.363162 1.28582 -1.00973 1.51138 -1.40865 -1.03273 -1.78132 -1.3096 0.146601 -1.14695 -0.00743794 0.575928 -0.189819 0.798711 0.215674 -1.19683 -0.785472 -0.756121 0.00379237 -0.055877 -1.45232 -1.0908 1.58547 1.49719 -1.14242 1.75635 0.0126774 0.199828 1.02267 -2.02408 -1.69373 1.37556 0.371053 0.260054</Parameters>
    </MultilayerPerceptron>
    <Outputs>
        <OutputsNumber>6</OutputsNumber>
        <Item Index="1">
            <Name>AND</Name>
            <Units></Units>
            <Description></Description>
        </Item>
        <Item Index="2">
            <Name>OR</Name>
            <Units></Units>
            <Description></Description>
        </Item>
        <Item Index="3">
            <Name>NAND</Name>
            <Units></Units>
            <Description></Description>
        </Item>
        <Item Index="4">
            <Name>NOR</Name>
            <Units></Units>
            <Description></Description>
        </Item>
        <Item Index="5">
            <Name>XNOR</Name>
            <Units></Units>
            <Description></Description>
        </Item>
        <Item Index="6">
            <Name>XNOR</Name>
            <Units></Units>
            <Description></Description>
        </Item>
    </Outputs>
</NeuralNetwork>
