<DataSet>
    <DataFile>
        <FileType>dat</FileType>
        <FirstCell></FirstCell>
        <LastCell></LastCell>
        <SheetNumber>1</SheetNumber>
        <LagsNumber>0</LagsNumber>
        <StepsAhead>0</StepsAhead>
        <ColumnsName>0</ColumnsName>
        <RowsLabel>6</RowsLabel>
        <Separator>Space</Separator>
        <MissingValuesLabel>?</MissingValuesLabel>
        <DataFileName>../data/urinary_inflammations_diagnosis.dat</DataFileName>
    </DataFile>
    <Variables>
        <VariablesNumber>8</VariablesNumber>
        <Item Index="1">
            <Name>temperature</Name>
            <Units>degree_celsius</Units>
            <Description></Description>
            <Use>Input</Use>
        </Item>
        <Item Index="2">
            <Name>nausea</Name>
            <Units>boolean</Units>
            <Description></Description>
            <Use>Input</Use>
        </Item>
        <Item Index="3">
            <Name>lumbar_pain</Name>
            <Units>boolean</Units>
            <Description></Description>
            <Use>Input</Use>
        </Item>
        <Item Index="4">
            <Name>urine_pushing</Name>
            <Units>boolean</Units>
            <Description></Description>
            <Use>Input</Use>
        </Item>
        <Item Index="5">
            <Name>micturition_pain</Name>
            <Units>boolean</Units>
            <Description></Description>
            <Use>Unused</Use>
        </Item>
        <Item Index="6">
            <Name>urethra_pain</Name>
            <Units>boolean</Units>
            <Description></Description>
            <Use>Input</Use>
        </Item>
        <Item Index="7">
            <Name>urinary_inflammation</Name>
            <Units>boolean</Units>
            <Description></Description>
            <Use>Unused</Use>
        </Item>
        <Item Index="8">
            <Name>nephritis_renal_pelvis_origin</Name>
            <Units>boolean</Units>
            <Description></Description>
            <Use>Target</Use>
        </Item>
    </Variables>
    <Instances>
        <InstancesNumber>120</InstancesNumber>
        <ItemsUses>0 0 0 0 0 0 1 1 1 0 1 0 0 2 0 0 0 0 0 1 2 1 2 2 0 1 0 0 0 1 0 0 0 0 1 0 2 1 0 0 0 0 2 1 1 0 0 2 0 0 0 1 0 0 0 2 1 0 2 1 0 0 1 1 2 2 0 0 0 2 0 2 2 1 0 1 0 0 0 0 0 0 2 0 0 0 0 1 2 0 0 0 2 0 1 0 1 0 0 0 2 2 0 0 2 0 2 0 2 0 0 0 0 0 1 1 2 0 0 2</ItemsUses>
    </Instances>
    <MissingValues>
        <InstancesNumber>120</InstancesNumber>
        <VariablesNumber>8</VariablesNumber>
        <ScrubbingMethod>Unuse</ScrubbingMethod>
        <MissingValuesNumber>0</MissingValuesNumber>
    </MissingValues>
</DataSet>
