<ModelSelection>
    <InputsSelection Type="GENETIC_ALGORITHM">
        <TrialsNumber>1</TrialsNumber>
        <Tolerance>0.001</Tolerance>
        <PopulationSize>60</PopulationSize>
        <InitializationMethod>Random</InitializationMethod>
        <FitnessAssignmentMethod>RankBased</FitnessAssignmentMethod>
        <CrossoverMethod>OnePoint</CrossoverMethod>
        <ElitismSize>2</ElitismSize>
        <CrossoverFirstPoint>0</CrossoverFirstPoint>
        <CrossoverSecondPoint>0</CrossoverSecondPoint>
        <SelectivePressure>1.5</SelectivePressure>
        <MutationRate>0.166667</MutationRate>
        <SelectionLossGoal>0</SelectionLossGoal>
        <MaximumGenerationsNumber>100</MaximumGenerationsNumber>
        <MaximumTime>10000</MaximumTime>
        <ReserveGenerationOptimumPerformance>1</ReserveGenerationOptimumPerformance>
        <ReserveGenerationMinimumSelection>1</ReserveGenerationMinimumSelection>
        <ReserveGenerationMean>1</ReserveGenerationMean>
        <ReserveGenerationStandardDeviation>0</ReserveGenerationStandardDeviation>
    </InputsSelection>
    <OrderSelection Type="INCREMENTAL_ORDER">
        <MinimumOrder>1</MinimumOrder>
        <MaximumOrder>14</MaximumOrder>
        <Step>1</Step>
        <TrialsNumber>1</TrialsNumber>
        <Tolerance>0.001</Tolerance>
        <SelectionLossGoal>0</SelectionLossGoal>
        <MaximumSelectionFailures>10</MaximumSelectionFailures>
        <MaximumTime>10000</MaximumTime>
        <ReservePerformanceHistory>1</ReservePerformanceHistory>
        <ReserveSelectionLossHistory>1</ReserveSelectionLossHistory>
    </OrderSelection>
    <ThresholdSelection Type="YOUDEN_INDEX">
        <MinimumThreshold>0</MinimumThreshold>
        <MaximumThreshold>1</MaximumThreshold>
        <Step>0.001</Step>
    </ThresholdSelection>
</ModelSelection>
