<NeuralNetwork>
    <Inputs>
        <InputsNumber>5</InputsNumber>
        <Item Index="1">
            <Name>temperature</Name>
            <Units></Units>
            <Description></Description>
        </Item>
        <Item Index="2">
            <Name>nausea</Name>
            <Units></Units>
            <Description></Description>
        </Item>
        <Item Index="3">
            <Name>lumbar_pain</Name>
            <Units></Units>
            <Description></Description>
        </Item>
        <Item Index="4">
            <Name>urine_pushing</Name>
            <Units></Units>
            <Description></Description>
        </Item>
        <Item Index="5">
            <Name>urethra_pain</Name>
            <Units></Units>
            <Description></Description>
        </Item>
    </Inputs>
    <ScalingLayer>
        <ScalingNeuronsNumber>5</ScalingNeuronsNumber>
        <Statistics Index="1">
            <Minimum>35.5</Minimum>
            <Maximum>41.5</Maximum>
            <Mean>38.7242</Mean>
            <StandardDeviation>1.81913</StandardDeviation>
        </Statistics>
        <Statistics Index="2">
            <Minimum>0</Minimum>
            <Maximum>1</Maximum>
            <Mean>0.241667</Mean>
            <StandardDeviation>0.429888</StandardDeviation>
        </Statistics>
        <Statistics Index="3">
            <Minimum>0</Minimum>
            <Maximum>1</Maximum>
            <Mean>0.583333</Mean>
            <StandardDeviation>0.495074</StandardDeviation>
        </Statistics>
        <Statistics Index="4">
            <Minimum>0</Minimum>
            <Maximum>1</Maximum>
            <Mean>0.666667</Mean>
            <StandardDeviation>0.473381</StandardDeviation>
        </Statistics>
        <Statistics Index="5">
            <Minimum>0</Minimum>
            <Maximum>1</Maximum>
            <Mean>0.416667</Mean>
            <StandardDeviation>0.495074</StandardDeviation>
        </Statistics>
        <ScalingMethod>NoScaling</ScalingMethod>
    </ScalingLayer>
    <MultilayerPerceptron>
        <Architecture>5 6 1</Architecture>
        <LayersActivationFunction>HyperbolicTangent Linear</LayersActivationFunction>
        <Parameters>42.4277 -0.000168823 -0.000651184 0.00102911 -0.000977417 0.000295532 -84.5646 -0.000147339 -0.00232648 -0.000489136 0.00129718 -0.00113184 0.993384 -0.00203024 -0.113431 -0.00132428 -0.00476319 -0.10813 1.16795 -0.0131731 -1.68124 1.40183 -0.418381 -1.13196 -79.9517 0.000861877 -0.00389844 0.00183801 -0.00150421 0.00130853 17.0526 0.00105701 -0.000314942 -0.0005354 -0.00117017 -9.06982e-005 4.27324 14.288 -0.0232568 -12.3799 0.898162 -0.0606788 -9.15027</Parameters>
    </MultilayerPerceptron>
    <Outputs>
        <OutputsNumber>1</OutputsNumber>
        <Item Index="1">
            <Name>nephritis_renal_pelvis_origin</Name>
            <Units>boolean</Units>
            <Description></Description>
        </Item>
    </Outputs>
</NeuralNetwork>
