<DataSet>
    <DataFile>
        <FileType>dat</FileType>
        <FirstCell></FirstCell>
        <LastCell></LastCell>
        <SheetNumber>1</SheetNumber>
        <LagsNumber>0</LagsNumber>
        <StepsAhead>0</StepsAhead>
        <ColumnsName>0</ColumnsName>
        <RowsLabel>255</RowsLabel>
        <Separator>Tab</Separator>
        <MissingValuesLabel>?</MissingValuesLabel>
        <DataFileName>../data/airfoil_self_noise.dat</DataFileName>
    </DataFile>
    <Variables>
        <VariablesNumber>6</VariablesNumber>
        <Item Index="1">
            <Name>frequency</Name>
            <Units>hertzs</Units>
            <Description></Description>
            <Use>Input</Use>
        </Item>
        <Item Index="2">
            <Name>angle_of_attack</Name>
            <Units>degrees</Units>
            <Description></Description>
            <Use>Input</Use>
        </Item>
        <Item Index="3">
            <Name>chord_length</Name>
            <Units>meters</Units>
            <Description></Description>
            <Use>Input</Use>
        </Item>
        <Item Index="4">
            <Name>free_stream_velocity</Name>
            <Units>meters per second</Units>
            <Description></Description>
            <Use>Input</Use>
        </Item>
        <Item Index="5">
            <Name>suction_side_displacement_thickness</Name>
            <Units>meters</Units>
            <Description></Description>
            <Use>Input</Use>
        </Item>
        <Item Index="6">
            <Name>scaled_sound_pressure_level</Name>
            <Units>decibels</Units>
            <Description></Description>
            <Use>Target</Use>
        </Item>
    </Variables>
    <Instances>
        <InstancesNumber>1503</InstancesNumber>
        <ItemsUses>0 0 0 1 1 0 0 0 0 0 2 2 0 2 2 2 0 0 2 0 2 2 0 0 1 1 0 0 1 0 0 1 2 0 1 0 0 1 0 0 0 2 2 0 0 0 1 1 0 0 2 0 0 0 2 2 0 1 1 0 0 0 1 0 0 0 1 1 0 2 0 0 0 0 2 0 1 2 1 0 0 0 2 0 0 1 0 2 0 0 0 2 0 1 0 2 2 0 1 0 0 1 1 0 0 2 0 2 2 2 2 0 0 0 0 0 2 0 0 2 0 0 2 1 2 0 2 1 0 2 1 2 0 2 0 0 0 0 2 0 0 0 1 2 1 1 1 2 0 0 1 0 0 1 0 1 0 0 0 0 2 1 0 2 2 0 0 2 0 1 2 0 0 0 0 0 0 0 1 0 0 0 0 0 1 0 0 0 1 0 0 0 2 2 0 0 2 0 1 0 0 0 0 1 1 0 0 2 2 0 0 0 0 1 0 0 1 0 0 2 0 1 0 0 0 0 2 1 0 0 0 0 2 0 2 0 0 2 2 0 0 2 2 2 1 2 0 2 0 0 0 2 0 1 2 0 0 2 0 0 0 0 1 0 2 0 0 0 0 1 0 0 2 0 0 1 0 2 0 1 1 0 1 1 1 0 2 1 1 1 0 0 1 1 1 0 2 0 0 0 0 1 2 2 0 2 0 1 2 0 0 2 1 1 1 0 2 0 0 2 1 1 0 0 2 0 2 0 0 1 2 2 1 0 0 1 0 0 1 0 2 0 0 2 1 0 0 0 1 0 0 0 1 1 0 0 1 2 0 0 1 0 0 0 0 0 0 2 1 0 0 1 0 0 0 2 0 0 1 0 2 1 2 0 0 0 2 0 1 2 1 0 1 1 0 0 1 0 2 1 0 0 2 0 1 0 0 1 0 1 1 0 1 0 0 0 0 0 2 0 0 1 1 1 2 1 2 2 2 0 0 1 0 0 0 0 1 2 0 1 0 2 2 0 1 2 1 2 0 0 2 2 0 0 0 0 0 0 0 0 0 1 2 0 1 2 0 0 2 0 0 1 0 0 0 1 2 2 1 0 0 0 0 0 1 1 1 0 0 2 0 1 0 1 1 2 2 0 1 1 0 1 1 0 0 0 0 1 0 0 1 0 0 0 2 2 0 0 0 0 0 0 1 0 0 1 1 0 0 2 2 1 1 0 0 0 1 0 0 1 0 2 0 0 0 0 0 1 0 0 0 2 0 1 0 2 1 0 2 1 1 0 0 0 0 0 2 0 0 0 1 2 0 0 0 0 0 0 0 0 2 2 2 1 0 0 0 0 0 2 0 0 0 0 2 0 1 2 1 2 1 1 2 0 0 0 1 2 0 0 0 2 2 1 2 0 1 0 0 0 0 1 0 0 1 1 0 0 0 0 0 0 0 2 0 0 0 2 0 2 0 0 2 0 1 2 0 0 1 2 2 1 2 1 0 0 0 1 2 0 0 0 0 2 0 0 2 1 1 2 0 0 2 0 0 2 0 2 1 0 0 0 0 0 0 2 2 0 2 0 1 1 0 0 0 2 2 1 0 0 1 1 0 0 1 0 0 0 0 0 1 0 0 2 0 0 2 2 0 2 0 2 0 0 2 1 0 1 0 0 2 0 1 0 1 2 0 1 1 1 0 2 2 2 0 2 1 0 0 0 0 2 0 0 0 0 0 0 0 0 0 1 0 0 0 0 0 0 0 0 0 2 1 1 0 0 1 0 0 0 1 0 0 0 0 0 1 1 0 0 0 0 0 2 2 0 0 0 2 0 2 0 0 2 2 2 2 0 1 0 0 0 0 2 0 0 2 0 2 0 0 0 0 0 0 1 0 0 0 0 0 0 0 0 0 1 1 0 0 0 2 0 2 0 2 2 0 0 0 2 0 1 2 0 0 2 1 0 2 0 1 0 2 0 1 0 0 0 0 0 0 1 1 0 1 2 0 0 2 0 0 0 0 0 0 1 2 0 2 0 2 1 1 0 0 0 0 0 2 0 0 0 0 1 1 0 1 0 0 2 0 0 0 0 2 2 0 1 0 0 2 0 0 0 0 1 0 0 1 1 0 0 0 0 1 1 0 0 0 0 1 0 0 0 1 0 2 2 0 0 0 1 0 2 0 1 0 0 0 1 0 2 2 1 1 2 2 0 0 0 0 0 2 2 0 2 1 0 0 0 0 0 0 2 0 1 0 0 0 0 0 2 1 0 2 0 0 1 0 0 0 1 0 0 0 0 0 1 1 2 1 0 2 0 0 0 1 0 0 0 0 0 2 0 1 0 0 2 0 0 0 0 0 1 0 1 0 0 0 0 0 1 1 1 1 0 0 0 0 0 2 1 0 0 2 0 0 2 0 2 0 2 0 1 1 1 2 0 0 0 0 0 2 0 1 0 0 0 1 0 0 2 0 0 0 0 1 1 0 0 2 2 1 0 0 0 0 2 2 0 0 1 0 0 0 1 0 0 0 0 2 0 2 2 1 1 1 0 0 0 1 0 0 2 0 0 0 0 1 2 0 2 0 0 1 1 0 0 2 0 2 0 0 0 1 0 1 0 0 0 1 1 0 0 2 0 0 1 1 2 0 1 0 1 0 0 0 0 2 2 0 0 0 0 0 0 1 1 0 0 1 0 1 0 0 2 0 0 1 0 1 1 2 0 0 0 0 1 0 0 0 0 0 0 2 0 2 2 1 0 0 1 0 0 2 2 2 0 2 0 0 0 0 1 0 1 0 2 0 0 0 0 2 2 0 0 0 0 0 0 2 2 0 0 1 0 0 0 0 1 0 2 1 0 0 0 0 0 2 0 1 0 2 0 0 0 2 0 0 0 0 0 0 2 0 0 0 0 1 0 0 2 0 0 0 0 0 0 0 2 0 0 0 1 0 0 0 0 0 2 1 1 0 1 1 0 0 1 1 0 0 0 2 1 0 2 0 0 0 1 2 0 0 0 1 2 0 2 2 2 0 2 2 0 0 2 0 0 0 0 2 2 0 0 0 0 0 0 0 2 2 1 1 2 1 0 0 0 0 1 1 2 1 0 0 1 2 0 1 0 0 0 1 0 0 0 0 2 2 0 2 0 2 2 0 0 0 0 0 2 0 0 2 0 0 1 2 0 0 1 0 0 0 0 1 2 0 0 0 0 0 0 0 2 0 0 0 0 2 0 0 0 1 0 0 0 0 0 0 1 0 2 2 0 2 1 0 0 2 1 2 0 0 1 2 1 2 1 1 2 0 0 1 0 0 0 0 0 0 0 0 0 0 0 0 1 1 0 0 1 0 0 0 0 1 2 0 0 2 0 0 0 2 2 2 0 0 2 0 0 0 0 0 0 0 1 0 1 0 0 1 0 1</ItemsUses>
    </Instances>
    <MissingValues>
        <InstancesNumber>1503</InstancesNumber>
        <VariablesNumber>6</VariablesNumber>
        <ScrubbingMethod>Unuse</ScrubbingMethod>
        <MissingValuesNumber>0</MissingValuesNumber>
    </MissingValues>
</DataSet>
