<NeuralNetwork>
    <Inputs>
        <InputsNumber>5</InputsNumber>
        <Item Index="1">
            <Name>frequency</Name>
            <Units>hertzs</Units>
            <Description></Description>
        </Item>
        <Item Index="2">
            <Name>angle_of_attack</Name>
            <Units>degrees</Units>
            <Description></Description>
        </Item>
        <Item Index="3">
            <Name>chord_length</Name>
            <Units>meters</Units>
            <Description></Description>
        </Item>
        <Item Index="4">
            <Name>free_stream_velocity</Name>
            <Units>meters per second</Units>
            <Description></Description>
        </Item>
        <Item Index="5">
            <Name>suction_side_displacement_thickness</Name>
            <Units>meters</Units>
            <Description></Description>
        </Item>
    </Inputs>
    <ScalingLayer>
        <ScalingNeuronsNumber>5</ScalingNeuronsNumber>
        <Statistics Index="1">
            <Minimum>200</Minimum>
            <Maximum>20000</Maximum>
            <Mean>2886.38</Mean>
            <StandardDeviation>3152.57</StandardDeviation>
        </Statistics>
        <Statistics Index="2">
            <Minimum>0</Minimum>
            <Maximum>22.2</Maximum>
            <Mean>6.7823</Mean>
            <StandardDeviation>5.91813</StandardDeviation>
        </Statistics>
        <Statistics Index="3">
            <Minimum>0.0254</Minimum>
            <Maximum>0.3048</Maximum>
            <Mean>0.136548</Mean>
            <StandardDeviation>0.0935407</StandardDeviation>
        </Statistics>
        <Statistics Index="4">
            <Minimum>31.7</Minimum>
            <Maximum>71.3</Maximum>
            <Mean>50.8607</Mean>
            <StandardDeviation>15.5728</StandardDeviation>
        </Statistics>
        <Statistics Index="5">
            <Minimum>0.000400682</Minimum>
            <Maximum>0.0584113</Maximum>
            <Mean>0.0111399</Mean>
            <StandardDeviation>0.0131502</StandardDeviation>
        </Statistics>
        <ScalingMethod>MinimumMaximum</ScalingMethod>
    </ScalingLayer>
    <MultilayerPerceptron>
        <Architecture>5 9 1</Architecture>
        <LayersActivationFunction>HyperbolicTangent Linear</LayersActivationFunction>
        <Parameters>-11.2889 -9.34791 0.206964 -0.574296 0.165803 -1.48312 2.84876 -2.82443 0.519801 -1.06699 -0.326653 -1.08487 2.23273 1.63864 -2.14466 0.363292 0.235716 0.945316 3.55091 3.86219 -3.09182 -0.279308 0.0620423 1.34461 -2.68045 2.23513 1.25926 -4.32183 -0.306861 0.11443 -5.12484 -4.48868 -4.24525 -1.6433 0.366846 0.159308 -1.3068 -3.07069 -1.80649 -1.13621 0.454818 -0.819926 0.807042 -2.71775 0.32348 -2.81743 -1.95733 1.14123 -6.80691 -5.5542 -1.37021 -3.66141 0.0951711 -0.444019 -1.11268 -1.50428 -0.221502 0.991556 -0.859311 0.389603 0.278845 0.284221 -0.0430413 0.245244</Parameters>
    </MultilayerPerceptron>
    <UnscalingLayer>
        <UnscalingNeuronsNumber>1</UnscalingNeuronsNumber>
        <Statistics Index="1">
            <Minimum>103.38</Minimum>
            <Maximum>140.987</Maximum>
            <Mean>124.836</Mean>
            <StandardDeviation>6.89866</StandardDeviation>
        </Statistics>
        <UnscalingMethod>MinimumMaximum</UnscalingMethod>
    </UnscalingLayer>
    <Outputs>
        <OutputsNumber>1</OutputsNumber>
        <Item Index="1">
            <Name>scaled_sound_pressure_level</Name>
            <Units>decibels</Units>
            <Description></Description>
        </Item>
    </Outputs>
</NeuralNetwork>
