21/07/2015,CARTE 20/07 LEONVOL LESNEVEN ,"- 27,85",€,COMPTE CHEQUES 2
20/07/2015,F COTISATION EUROCOMPTE ,"- 2,82",€,COMPTE CHEQUES 2
15/07/2015,CARTE 14/07 OSAKA BREST ,"- 32,10",€,COMPTE CHEQUES 2
13/07/2015,PRLV EDF clients particuliers ,-110,€,COMPTE CHEQUES 2
13/07/2015,CARTE 11/07 COTES DES LEGEND LE FOLGOET ,"-103,98",€,COMPTE CHEQUES 2
10/07/2015,INT DEB FORFAIT R313-4 TRIM 02 ,"- 3,00",€,COMPTE CHEQUES 2
08/07/2015,VIR KERDRAON FREDERIC ,650,€,COMPTE CHEQUES 2
05/07/2015,VIR vers M ou Mme Loaec ,-670,€,COMPTE CHEQUES 2
04/07/2015,CARTE 02/07 E.LECLERC LANDERNEAU CED ,"-143,08",€,COMPTE CHEQUES 2
03/07/2015,VIR du COMPTE CHEQUES 1 ,650,€,COMPTE CHEQUES 2
24/06/2015,CARTE 23/06 E.LECLERC LANDERNEAU CED ,"-126,81",€,COMPTE CHEQUES 2
22/06/2015,CARTE 21/06 SUBWAY MORLAIX ,"- 17,10",€,COMPTE CHEQUES 2
22/06/2015,CARTE 20/06 SM CASINO CS184 LESNEVEN ,"- 26,73",€,COMPTE CHEQUES 2
19/06/2015,CARTE 18/06 KING SIZE PIZZA LESNEVEN ,"- 19,00",€,COMPTE CHEQUES 2
11/06/2015,PRLV EDF clients particuliers ,-110,€,COMPTE CHEQUES 2
11/06/2015,F COTISATION EUROCOMPTE ,"- 2,78",€,COMPTE CHEQUES 2
10/06/2015,CARTE 09/06 CENTRE E.LECLER ST THONAN ,"- 29,74",€,COMPTE CHEQUES 2
08/06/2015,CARTE 07/06 E.LECLERC LANDERNEAU CED ,"- 80,06",€,COMPTE CHEQUES 2
05/06/2015,VIR KERDRAON FREDERIC ,650,€,COMPTE CHEQUES 2
05/06/2015,VIR vers M ou Mme Loaec ,-670,€,COMPTE CHEQUES 2
03/06/2015,VIR du COMPTE CHEQUES 1 ,650,€,COMPTE CHEQUES 2
22/05/2015,CARTE 21/05 E.LECLERC LANDERNEAU CED ,"- 67,58",€,COMPTE CHEQUES 2
16/05/2015,CARTE 15/05 CENTRE LECLERC GOUESNOU ,"-104,41",€,COMPTE CHEQUES 2
12/05/2015,PRLV EDF clients particuliers ,-110,€,COMPTE CHEQUES 2
11/05/2015,F COTISATION EUROCOMPTE ,"- 2,78",€,COMPTE CHEQUES 2
11/05/2015,CARTE 09/05 SM CASINO CS184 LESNEVEN ,"- 22,22",€,COMPTE CHEQUES 2
09/05/2015,CARTE 08/05 ASIE D OR QUIMPER ,"- 57,88",€,COMPTE CHEQUES 2
05/05/2015,VIR KERDRAON FREDERIC ,650,€,COMPTE CHEQUES 2
05/05/2015,VIR vers M ou Mme Loaec ,-670,€,COMPTE CHEQUES 2
04/05/2015,CARTE 02/05 SM CASINO CS184 LESNEVEN ,"- 88,39",€,COMPTE CHEQUES 2
04/05/2015,CARTE 02/05 LECLERC LE FOLGOET ,"- 11,07",€,COMPTE CHEQUES 2
03/05/2015,VIR du COMPTE CHEQUES 1 ,650,€,COMPTE CHEQUES 2
27/04/2015,CARTE 26/04 E.LECLERC LANDERNEAU CED ,"- 68,21",€,COMPTE CHEQUES 2
26/04/2015,VIR du COMPTE CHEQUES 1 ,10,€,COMPTE CHEQUES 2
15/04/2015,VIR du COMPTE CHEQUES 1 ,92,€,COMPTE CHEQUES 2
14/04/2015,F COTISATION EUROCOMPTE ,"- 2,78",€,COMPTE CHEQUES 2
14/04/2015,CARTE 13/04 SM CASINO CS184 LESNEVEN ,"-103,59",€,COMPTE CHEQUES 2
13/04/2015,PRLV EDF clients particuliers ,-110,€,COMPTE CHEQUES 2
13/04/2015,CARTE 11/04 LECLERC LE FOLGOET ,"-141,68",€,COMPTE CHEQUES 2
10/04/2015,INT DEB FORFAIT R313-4 TRIM 01 ,"- 3,00",€,COMPTE CHEQUES 2
07/04/2015,CARTE 04/04 LECLERC LE FOLGOET ,"- 76,28",€,COMPTE CHEQUES 2
07/04/2015,VIR KERDRAON FREDERIC ,650,€,COMPTE CHEQUES 2
05/04/2015,VIR vers M ou Mme Loaec ,-670,€,COMPTE CHEQUES 2
04/04/2015,VIR fabien roudaut ,"- 92,00",€,COMPTE CHEQUES 2
03/04/2015,VIR du COMPTE CHEQUES 1 ,650,€,COMPTE CHEQUES 2
30/03/2015,CARTE 29/03 E.LECLERC LANDERNEAU CED ,"- 67,92",€,COMPTE CHEQUES 2
27/03/2015,CHQ 3926303 ,"- 65,50",€,COMPTE CHEQUES 2
23/03/2015,CARTE 21/03 LECLERC LE FOLGOET ,"-117,58",€,COMPTE CHEQUES 2
21/03/2015,F FRAIS AVIS TIERS DETENTEUR ,"- 80,00",€,COMPTE CHEQUES 2
16/03/2015,PRLV EDF clients particuliers ,-110,€,COMPTE CHEQUES 2
13/03/2015,F COM EXAMEN CPTE/INTERV 02/15 ,"- 8,00",€,COMPTE CHEQUES 2
12/03/2015,CHQ 3926302 ,"- 65,20",€,COMPTE CHEQUES 2
11/03/2015,CHQ 3926301 ,"- 10,00",€,COMPTE CHEQUES 2
11/03/2015,F COTISATION EUROCOMPTE ,"- 2,78",€,COMPTE CHEQUES 2
10/03/2015,CARTE 09/03 GIFI LESNEVEN ,"- 78,99",€,COMPTE CHEQUES 2
10/03/2015,VIR du COMPTE CHEQUES 1 cordonni ,10,€,COMPTE CHEQUES 2
09/03/2015,CARTE 07/03 LECLERC LE FOLGOET ,"-126,84",€,COMPTE CHEQUES 2
05/03/2015,VIR KERDRAON FREDERIC ,650,€,COMPTE CHEQUES 2
05/03/2015,VIR vers M ou Mme Loaec ,-670,€,COMPTE CHEQUES 2
03/03/2015,VIR du COMPTE CHEQUES 1 ,650,€,COMPTE CHEQUES 2
20/02/2015,PRLV EDF clients particuliers ,"- 35,00",€,COMPTE CHEQUES 2
12/02/2015,VIR du LIVRET EPARGNE POPULAIRE ,5,€,COMPTE CHEQUES 2
09/02/2015,VIR KERDRAON FREDERIC ,335,€,COMPTE CHEQUES 2
07/02/2015,F COTISATION EUROCOMPTE ,"- 2,78",€,COMPTE CHEQUES 2
05/02/2015,VIR vers M ou Mme Loaec ,-670,€,COMPTE CHEQUES 2
04/02/2015,VIR du COMPTE CHEQUES 1 1er loye ,335,€,COMPTE CHEQUES 2
