<DataSet>
    <DataFile>
        <FileType>dat</FileType>
        <FirstCell></FirstCell>
        <LastCell></LastCell>
        <SheetNumber>1</SheetNumber>
        <LagsNumber>0</LagsNumber>
        <StepsAhead>0</StepsAhead>
        <ColumnsName>0</ColumnsName>
        <RowsLabel>0</RowsLabel>
        <Separator>Space</Separator>
        <MissingValuesLabel>?</MissingValuesLabel>
        <DataFileName>../data/yachtresistance.dat</DataFileName>
    </DataFile>
    <Variables>
        <VariablesNumber>7</VariablesNumber>
        <Item Index="1">
            <Name>longitudinal_center_buoyancy</Name>
            <Units></Units>
            <Description></Description>
            <Use>Input</Use>
        </Item>
        <Item Index="2">
            <Name>prismatic_coefficient</Name>
            <Units></Units>
            <Description></Description>
            <Use>Input</Use>
        </Item>
        <Item Index="3">
            <Name>length_displacement_ratio</Name>
            <Units></Units>
            <Description></Description>
            <Use>Input</Use>
        </Item>
        <Item Index="4">
            <Name>beam_draught_ratio</Name>
            <Units></Units>
            <Description></Description>
            <Use>Input</Use>
        </Item>
        <Item Index="5">
            <Name>length_beam_ratio</Name>
            <Units></Units>
            <Description></Description>
            <Use>Input</Use>
        </Item>
        <Item Index="6">
            <Name>froude_number</Name>
            <Units></Units>
            <Description></Description>
            <Use>Input</Use>
        </Item>
        <Item Index="7">
            <Name>residuary_resistance</Name>
            <Units></Units>
            <Description></Description>
            <Use>Target</Use>
        </Item>
    </Variables>
    <Instances>
        <InstancesNumber>308</InstancesNumber>
        <ItemsUses>0 2 1 0 2 0 0 1 0 0 2 0 0 0 1 1 1 0 0 0 0 0 1 2 0 2 0 2 1 0 0 1 0 0 1 0 2 0 0 2 0 0 0 1 0 2 2 2 0 0 0 0 0 0 0 1 2 0 0 1 2 0 1 1 1 0 0 1 2 2 0 0 0 0 0 0 0 0 0 1 1 2 0 2 0 1 2 2 1 0 1 2 0 0 1 1 0 1 2 0 1 0 2 0 1 2 0 1 0 0 1 0 0 1 0 2 1 1 0 2 1 0 0 2 2 1 1 0 2 2 0 0 0 1 2 1 0 0 2 0 0 2 1 2 0 0 2 0 0 2 0 1 2 0 0 1 0 0 0 2 0 0 1 0 2 0 0 0 1 0 0 0 1 0 0 0 2 1 0 0 0 2 0 0 0 0 1 0 0 0 0 0 0 0 0 0 2 0 0 1 1 0 0 0 0 0 0 0 0 1 0 0 2 2 0 0 0 0 1 0 2 0 2 2 0 0 0 0 2 2 2 0 2 0 0 0 0 1 0 1 0 0 0 1 2 0 0 1 1 0 1 0 0 0 0 0 0 0 1 0 0 0 2 2 2 0 0 1 2 0 0 2 0 0 1 0 1 0 1 0 0 1 0 1 2 0 0 2 0 0 0 2 0 2 0 0 0 0 0 0 0 0 0 0 0 0 0 2</ItemsUses>
    </Instances>
    <MissingValues>
        <InstancesNumber>308</InstancesNumber>
        <VariablesNumber>7</VariablesNumber>
        <ScrubbingMethod>Unuse</ScrubbingMethod>
        <MissingValuesNumber>0</MissingValuesNumber>
    </MissingValues>
</DataSet>
