<DataSet>
    <DataFile>
        <FileType>dat</FileType>
        <FirstCell></FirstCell>
        <LastCell></LastCell>
        <SheetNumber>1</SheetNumber>
        <LagsNumber>0</LagsNumber>
        <StepsAhead>0</StepsAhead>
        <ColumnsName>0</ColumnsName>
        <RowsLabel>0</RowsLabel>
        <Separator>Space</Separator>
        <MissingValuesLabel>?</MissingValuesLabel>
        <DataFileName>../data/breast_cancer.dat</DataFileName>
    </DataFile>
    <Variables>
        <VariablesNumber>10</VariablesNumber>
        <Item Index="1">
            <Name>clump_thickness</Name>
            <Units></Units>
            <Description></Description>
            <Use>Input</Use>
        </Item>
        <Item Index="2">
            <Name>cell_size_uniformity</Name>
            <Units></Units>
            <Description></Description>
            <Use>Input</Use>
        </Item>
        <Item Index="3">
            <Name>cell_shape_uniformity</Name>
            <Units></Units>
            <Description></Description>
            <Use>Input</Use>
        </Item>
        <Item Index="4">
            <Name>marginal_adhesion</Name>
            <Units></Units>
            <Description></Description>
            <Use>Input</Use>
        </Item>
        <Item Index="5">
            <Name>single_epithelial_cell_size</Name>
            <Units></Units>
            <Description></Description>
            <Use>Input</Use>
        </Item>
        <Item Index="6">
            <Name>bare_nuclei</Name>
            <Units></Units>
            <Description></Description>
            <Use>Input</Use>
        </Item>
        <Item Index="7">
            <Name>bland_chromatin</Name>
            <Units></Units>
            <Description></Description>
            <Use>Input</Use>
        </Item>
        <Item Index="8">
            <Name>normal_nucleoli</Name>
            <Units></Units>
            <Description></Description>
            <Use>Input</Use>
        </Item>
        <Item Index="9">
            <Name>mitoses</Name>
            <Units></Units>
            <Description></Description>
            <Use>Input</Use>
        </Item>
        <Item Index="10">
            <Name>diagnose</Name>
            <Units></Units>
            <Description></Description>
            <Use>Target</Use>
        </Item>
    </Variables>
    <Instances>
        <InstancesNumber>683</InstancesNumber>
        <ItemsUses>0 1 2 0 0 0 0 1 0 0 0 0 0 0 0 1 0 0 2 2 0 1 0 0 0 0 0 0 0 1 2 1 0 0 2 0 0 0 0 0 0 0 1 2 0 0 0 0 2 0 1 0 2 1 2 0 0 1 1 1 1 0 1 2 0 1 0 2 0 0 2 0 1 1 2 0 0 1 2 2 2 0 0 0 0 0 1 0 0 0 0 2 0 0 0 0 0 1 0 2 1 0 0 1 0 0 0 0 0 0 0 2 1 0 0 0 0 2 0 0 0 1 1 0 1 2 0 0 0 1 1 2 2 0 2 1 0 0 1 1 2 1 0 0 1 0 0 0 2 0 1 0 0 2 1 0 0 0 1 1 1 0 0 0 0 0 0 2 0 1 0 2 2 0 0 2 0 0 0 0 0 1 2 0 1 0 1 1 0 2 0 2 2 0 0 0 0 2 0 2 0 0 2 0 2 0 1 0 2 2 0 2 0 0 1 0 0 0 2 1 1 2 0 0 0 1 2 1 2 0 0 0 2 0 0 2 0 0 2 1 0 0 2 0 0 0 2 0 1 0 1 0 0 1 0 1 0 0 0 2 2 2 1 0 2 2 2 0 1 0 0 2 1 1 0 0 0 0 1 2 0 0 0 0 1 2 0 0 0 0 0 0 0 0 0 0 2 0 0 2 0 1 0 2 2 0 0 0 0 0 0 2 1 0 0 2 2 0 0 1 2 0 1 1 0 0 2 2 0 2 2 0 2 0 2 2 0 0 1 2 1 0 0 0 0 2 2 2 2 0 0 0 2 1 0 0 0 1 1 0 0 1 0 0 2 1 0 1 0 0 0 0 1 0 2 0 1 0 0 0 0 0 0 1 1 0 2 0 0 1 0 0 0 2 0 0 2 0 0 1 0 0 1 2 0 2 0 0 0 1 1 2 0 1 0 2 0 1 0 0 2 1 0 0 0 0 0 2 0 0 1 0 0 1 1 2 0 2 0 0 2 0 2 0 1 0 0 0 1 1 1 1 0 1 0 0 1 0 2 0 2 0 0 2 1 0 0 2 1 0 0 1 0 1 0 0 2 0 0 0 2 0 0 0 0 2 2 1 0 0 1 0 0 0 0 0 2 0 0 0 0 2 2 0 0 0 0 2 2 0 0 2 2 1 0 1 2 0 1 1 1 0 1 2 1 0 0 0 0 1 2 0 2 0 0 0 2 0 0 0 0 0 0 0 2 0 0 1 0 0 0 2 0 0 1 1 0 1 0 1 0 1 0 1 1 0 0 0 0 1 0 2 0 0 0 2 0 1 0 0 1 2 0 0 0 0 0 0 1 0 1 0 2 0 0 0 2 0 0 0 0 0 2 2 2 1 0 0 0 2 1 0 0 0 0 0 0 2 0 0 0 2 0 0 0 0 0 2 1 0 0 2 2 0 0 0 0 0 0 1 0 0 0 2 0 2 0 0 0 1 0 0 1 0 2 0 1 1 0 0 0 0 1 0 1 1 1 0 0 0 0 1 0 0 0 0 0 2 0 0 0 0 1</ItemsUses>
    </Instances>
    <MissingValues>
        <InstancesNumber>683</InstancesNumber>
        <VariablesNumber>10</VariablesNumber>
        <ScrubbingMethod>Unuse</ScrubbingMethod>
        <MissingValuesNumber>0</MissingValuesNumber>
    </MissingValues>
</DataSet>
