<NeuralNetwork>
    <Inputs>
        <InputsNumber>9</InputsNumber>
        <Item Index="1">
            <Name>clump_thickness</Name>
            <Units></Units>
            <Description></Description>
        </Item>
        <Item Index="2">
            <Name>cell_size_uniformity</Name>
            <Units></Units>
            <Description></Description>
        </Item>
        <Item Index="3">
            <Name>cell_shape_uniformity</Name>
            <Units></Units>
            <Description></Description>
        </Item>
        <Item Index="4">
            <Name>marginal_adhesion</Name>
            <Units></Units>
            <Description></Description>
        </Item>
        <Item Index="5">
            <Name>single_epithelial_cell_size</Name>
            <Units></Units>
            <Description></Description>
        </Item>
        <Item Index="6">
            <Name>bare_nuclei</Name>
            <Units></Units>
            <Description></Description>
        </Item>
        <Item Index="7">
            <Name>bland_chromatin</Name>
            <Units></Units>
            <Description></Description>
        </Item>
        <Item Index="8">
            <Name>normal_nucleoli</Name>
            <Units></Units>
            <Description></Description>
        </Item>
        <Item Index="9">
            <Name>mitoses</Name>
            <Units></Units>
            <Description></Description>
        </Item>
    </Inputs>
    <ScalingLayer>
        <ScalingNeuronsNumber>9</ScalingNeuronsNumber>
        <Statistics Index="1">
            <Minimum>1</Minimum>
            <Maximum>10</Maximum>
            <Mean>4.44217</Mean>
            <StandardDeviation>2.82076</StandardDeviation>
        </Statistics>
        <Statistics Index="2">
            <Minimum>1</Minimum>
            <Maximum>10</Maximum>
            <Mean>3.15081</Mean>
            <StandardDeviation>3.06514</StandardDeviation>
        </Statistics>
        <Statistics Index="3">
            <Minimum>1</Minimum>
            <Maximum>10</Maximum>
            <Mean>3.21523</Mean>
            <StandardDeviation>2.98858</StandardDeviation>
        </Statistics>
        <Statistics Index="4">
            <Minimum>1</Minimum>
            <Maximum>10</Maximum>
            <Mean>2.83016</Mean>
            <StandardDeviation>2.86456</StandardDeviation>
        </Statistics>
        <Statistics Index="5">
            <Minimum>1</Minimum>
            <Maximum>10</Maximum>
            <Mean>3.23426</Mean>
            <StandardDeviation>2.22309</StandardDeviation>
        </Statistics>
        <Statistics Index="6">
            <Minimum>1</Minimum>
            <Maximum>10</Maximum>
            <Mean>3.54466</Mean>
            <StandardDeviation>3.64386</StandardDeviation>
        </Statistics>
        <Statistics Index="7">
            <Minimum>1</Minimum>
            <Maximum>10</Maximum>
            <Mean>3.4451</Mean>
            <StandardDeviation>2.4497</StandardDeviation>
        </Statistics>
        <Statistics Index="8">
            <Minimum>1</Minimum>
            <Maximum>10</Maximum>
            <Mean>2.86969</Mean>
            <StandardDeviation>3.05267</StandardDeviation>
        </Statistics>
        <Statistics Index="9">
            <Minimum>1</Minimum>
            <Maximum>10</Maximum>
            <Mean>1.60322</Mean>
            <StandardDeviation>1.73267</StandardDeviation>
        </Statistics>
        <ScalingMethod>MinimumMaximum</ScalingMethod>
    </ScalingLayer>
    <MultilayerPerceptron>
        <Architecture>9 2 1</Architecture>
        <LayersActivationFunction>HyperbolicTangent Linear</LayersActivationFunction>
        <Parameters>-338.23 -26.1009 -115.337 -70.4853 15.6503 -124.75 -96.811 -77.7893 -69.9371 -34.8572 65.9705 -3.67775 19.504 -2.85874 -3.94046 53.8599 50.5573 -13.6064 -20.9279 8.27275 0.475659 -0.467217 0.00640624</Parameters>
    </MultilayerPerceptron>
    <ProbabilisticLayer>
        <ProbabilisticNeuronsNumber>1</ProbabilisticNeuronsNumber>
        <ProbabilisticMethod>Probability</ProbabilisticMethod>
        <DecisionThreshold>0.5</DecisionThreshold>
    </ProbabilisticLayer>
    <Outputs>
        <OutputsNumber>1</OutputsNumber>
        <Item Index="1">
            <Name>diagnose</Name>
            <Units></Units>
            <Description></Description>
        </Item>
    </Outputs>
</NeuralNetwork>
