MyDate	GroupLib	Libelle	Debit	Credit	Category	Weekly	Monthly	Yearly
2016-12-31 00:00:00	PAIEMENTPARCARTE	LIDLTADEN0O02654/30/12	5	0	Other	NULL	NULL	NULL
2016-12-31 00:00:00	PAIEMENTPARCARTE	SUBWAY-TADEN30/12	6	0	Food	NULL	NULL	NULL
2016-12-31 00:00:00	PAIEMENTPARCARTE	BARDESVEDETTEDINAN30/12	71	0	Toxics	NULL	NULL	NULL
2016-12-31 00:00:00	PAIEMENTPARCARTE	INTERMARCHETADEN30/12	7	0	Food	NULL	NULL	NULL
2016-12-31 00:00:00	PAIEMENTPARCARTE	DYN*DYN.COM/CHARGE603-66829/12	27	0	Other	NULL	NULL	NULL
2016-12-30 00:00:00	PAIEMENTPARCARTE	TATIEJEANNEDINAN29/12	3	0	Other	NULL	NULL	NULL
2016-12-30 00:00:00	PAIEMENTPARCARTE	GOURMETWOKTADEN29/12	17	0	Food	NULL	NULL	NULL
2016-12-29 00:00:00	PAIEMENTPARCARTE	SMCASINOCS184LESNEVEN28/12	20	0	Food	NULL	NULL	NULL
2016-12-29 00:00:00	PAIEMENTPARCARTE	INTERMARCHETREMUSON28/12	46	0	Food	NULL	NULL	NULL
2016-12-28 00:00:00	PAIEMENTPARCARTE	SASTERENBREST24/12	11	0	Other	NULL	NULL	NULL
2016-12-28 00:00:00	PAIEMENTPARCARTE	TATIEJEANNEDINAN24/12	31	0	Other	NULL	NULL	NULL
2016-12-28 00:00:00	PAIEMENTPARCARTE	FNACBREST24/12	56	0	Other	NULL	NULL	NULL
2016-12-28 00:00:00	PAIEMENTPARCARTE	SKBEAUTYBREST24/12	66	0	Other	NULL	NULL	NULL
2016-12-28 00:00:00	PAIEMENTPARCARTE	AUTOLECLERCLANDERNEAU26/12	82	0	Car	NULL	NULL	NULL
2016-12-28 00:00:00	PAIEMENTPARCARTE	THEBODYSHOPBREST24/12	50	0	Other	NULL	NULL	NULL
2016-12-28 00:00:00	PAIEMENTPARCARTE	SASTERENBREST26/12	49	0	Other	NULL	NULL	NULL
2016-12-28 00:00:00	PAIEMENTPARCARTE	NATURE&DECOUVBREST24/12	87	0	Other	NULL	NULL	NULL
2016-12-28 00:00:00	PAIEMENTPARCARTE	HISTOIREDECHOCOLABREST24/12	18	0	Other	NULL	NULL	NULL
2016-12-24 00:00:00	PAIEMENTPARCARTE	INTERMARCHETADEN23/12	13	0	Food	NULL	NULL	NULL
2016-12-24 00:00:00	PAIEMENTPARCARTE	MCLGDINAN23/12	15	0	Other	NULL	NULL	NULL
2016-12-24 00:00:00	VIREMENTENVOTREFAVEUR	C.P.A.M.FINISTERE153570003233	0	35	Other	NULL	NULL	NULL
2016-12-24 00:00:00	VIREMENTENVOTREFAVEUR	APOLOGICAPOLOGIC53571144150001	0	1723	Salary	NULL	NULL	NULL
2016-12-23 00:00:00	CHEQUEEMIS	5216282/0000000/000000000	100	0	Other	NULL	NULL	NULL
2016-12-23 00:00:00	PAIEMENTPARCARTE	INTERMARCHELANVALL22/12	17	0	Food	NULL	NULL	NULL
2016-12-22 00:00:00	PRELEVEMENT	GAEL	1	0	Bank	NULL	NULL	NULL
2016-12-22 00:00:00	PAIEMENTPARCARTE	BARDESVEDETTEDINAN21/12	75	0	Toxics	NULL	NULL	NULL
2016-12-22 00:00:00	PAIEMENTPARCARTE	INTERMARCHETADEN21/12	5	0	Food	NULL	NULL	NULL
2016-12-22 00:00:00	PAIEMENTPARCARTE	INTERMARCHETADEN21/12	2	0	Food	NULL	NULL	NULL
2016-12-21 00:00:00	CHEQUEEMIS	5216281/0000000/000000000	2700	0	Other	NULL	NULL	NULL
2016-12-21 00:00:00	PAIEMENTPARCARTE	KFCLANGUEUX19/12	8	0	Food	NULL	NULL	NULL
2016-12-21 00:00:00	PAIEMENTPARCARTE	SOMOBASTATIONTADEN19/12	58	0	Energy	NULL	NULL	NULL
2016-12-21 00:00:00	PAIEMENTPARCARTE	INTERMARCHETADEN18/12	7	0	Food	NULL	NULL	NULL
2016-12-21 00:00:00	PAIEMENTPARCARTE	TERRESNEUVASDINAN18/12	19	0	Food	NULL	NULL	NULL
2016-12-21 00:00:00	PAIEMENTPARCARTE	SMCASINOCS184LESNEVEN19/12	15	0	Food	NULL	NULL	NULL
2016-12-21 00:00:00	PAIEMENTPARCARTE	RESTPOINTEPLOUGONVELIN19/12	184	0	Food	NULL	NULL	NULL
2016-12-18 00:00:00	PAIEMENTPARCARTE	INTERMARCHETADEN17/12	2	0	Food	NULL	NULL	NULL
2016-12-18 00:00:00	PAIEMENTPARCARTE	INTERMARCHETADEN17/12	19	0	Food	NULL	NULL	NULL
2016-12-16 00:00:00	PAIEMENTPARCARTE	GOURMETWOKTADEN15/12	17	0	Food	NULL	NULL	NULL
2016-12-15 00:00:00	PAIEMENTPARCARTE	INTERMARCHELANVALL14/12	13	0	Food	NULL	NULL	NULL
2016-12-15 00:00:00	PAIEMENTPARCARTE	INTERMARCHETADEN14/12	7	0	Food	NULL	NULL	NULL
2016-12-14 00:00:00	RETRAITAUDISTRIBUTEUR	CORPSNUDS113/1215H08	60	0	Cash	NULL	NULL	NULL
2016-12-14 00:00:00	PAIEMENTPARCARTE	TERRESNEUVASDINAN12/12	1	0	Food	NULL	NULL	NULL
2016-12-14 00:00:00	PAIEMENTPARCARTE	TATIEJEANNEDINAN13/12	23	0	Other	NULL	NULL	NULL
2016-12-14 00:00:00	PAIEMENTPARCARTE	BARDESVEDETTEDINAN12/12	71	0	Toxics	NULL	NULL	NULL
2016-12-14 00:00:00	PAIEMENTPARCARTE	LE1DELAPLACEDINAN11/12	25	0	Toxics	NULL	NULL	NULL
2016-12-14 00:00:00	PAIEMENTPARCARTE	INTERMARCHETADEN11/12	4	0	Food	NULL	NULL	NULL
2016-12-14 00:00:00	PAIEMENTPARCARTE	AUVIEUXSTSAUVEURDINAN12/12	4	0	Other	NULL	NULL	NULL
2016-12-14 00:00:00	PAIEMENTPARCARTE	INTERMARCHELANVALL12/12	16	0	Food	NULL	NULL	NULL
2016-12-11 00:00:00	PAIEMENTPARCARTE	PORTPLAISANCEDINAN10/12	216	0	Rent	NULL	NULL	NULL
2016-12-11 00:00:00	PAIEMENTPARCARTE	INTERMARCHETADEN10/12	5	0	Food	NULL	NULL	NULL
2016-12-11 00:00:00	PAIEMENTPARCARTE	INTERMARCHETADEN10/12	4	0	Food	NULL	NULL	NULL
2016-12-10 00:00:00	PAIEMENTPARCARTE	INTERMARCHETADEN09/12	5	0	Food	NULL	NULL	NULL
2016-12-10 00:00:00	VIREMENTENVOTREFAVEUR	SUPPLETIS	0	104	Bank	NULL	NULL	NULL
2016-12-09 00:00:00	PAIEMENTPARCARTE	CARREFOURCITYDINAN08/12	6	0	Food	NULL	NULL	NULL
2016-12-09 00:00:00	PAIEMENTPARCARTE	INTERMARCHETADEN08/12	11	0	Food	NULL	NULL	NULL
2016-12-08 00:00:00	PAIEMENTPARCARTE	INTERMARCHETADEN07/12	3	0	Food	NULL	NULL	NULL
2016-12-08 00:00:00	PAIEMENTPARCARTE	INTERMARCHETADEN07/12	6	0	Food	NULL	NULL	NULL
2016-12-08 00:00:00	PAIEMENTPARCARTE	SFRCBONESHOTPUTEAUX05/12	39	0	Telephone	NULL	NULL	NULL
2016-12-07 00:00:00	RETRAITAUDISTRIBUTEUR	DINANCENTRE105/1217H30	60	0	Cash	NULL	NULL	NULL
2016-12-07 00:00:00	PAIEMENTPARCARTE	EVASIONMARINESTJOUANDE05/12	280	0	Boat	NULL	NULL	NULL
2016-12-07 00:00:00	PAIEMENTPARCARTE	TERRESNEUVASDINAN05/12	75	0	Food	NULL	NULL	NULL
2016-12-07 00:00:00	PAIEMENTPARCARTE	INTERMARCHETADEN04/12	11	0	Food	NULL	NULL	NULL
2016-12-07 00:00:00	PAIEMENTPARCARTE	LEPASSESIMPLEDINAN05/12	13	0	Toxics	NULL	NULL	NULL
2016-12-07 00:00:00	PAIEMENTPARCARTE	INTERMARCHELANVALL05/12	88	0	Food	NULL	NULL	NULL
2016-12-07 00:00:00	PAIEMENTPARCARTE	LIBRAIRIELEGREDINAN05/12	25	0	Toxics	NULL	NULL	NULL
2016-12-04 00:00:00	PAIEMENTPARCARTE	INTERMARCHETADEN03/12	5	0	Food	NULL	NULL	NULL
2016-12-03 00:00:00	COTISATION	COMPTESERVICEOPTION2	6	0	Bank	NULL	NULL	NULL
2016-12-03 00:00:00	PAIEMENTPARCARTE	INTERMARCHETADEN02/12	5	0	Food	NULL	NULL	NULL
2016-12-02 00:00:00	PAIEMENTPARCARTE	BARDESVEDETTEDINAN30/11	70	0	Toxics	NULL	NULL	NULL
2016-12-01 00:00:00	PAIEMENTPARCARTE	INTERMARCHETADEN30/11	18	0	Food	NULL	NULL	NULL
2016-11-30 00:00:00	FRAIS	OPERATIONETRANGER	0	0	Bank	NULL	NULL	NULL
2016-11-30 00:00:00	RETRAITAUDISTRIBUTEUR	LESNEVEN228/1117H59	60	0	Cash	NULL	NULL	NULL
2016-11-30 00:00:00	PAIEMENTPARCARTE	SUBWAY-TADEN27/11	8	0	Food	NULL	NULL	NULL
2016-11-30 00:00:00	PAIEMENTPARCARTE	INTERMARCHETADEN27/11	11	0	Food	NULL	NULL	NULL
2016-11-30 00:00:00	PAIEMENTPARCARTE	CASINOCARBSS184LESNEVEN29/11	58	0	Food	NULL	NULL	NULL
2016-11-30 00:00:00	PAIEMENTPARCARTE	DYN*DYN.COM/CHARGE603-66827/11	28	0	Other	NULL	NULL	NULL
2016-11-30 00:00:00	VIREMENTENVOTREFAVEUR	C.P.A.M.FINISTERE153300004086	0	5	Other	NULL	NULL	NULL
2016-11-27 00:00:00	PRELEVEMENT	GAEL	1	0	Bank	NULL	NULL	NULL
2016-11-27 00:00:00	PAIEMENTPARCARTE	GOURMETWOKTADEN26/11	17	0	Food	NULL	NULL	NULL
2016-11-27 00:00:00	PAIEMENTPARCARTE	INTERMARCHELANVALL26/11	10	0	Food	NULL	NULL	NULL
2016-11-27 00:00:00	VIREMENTENVOTREFAVEUR	APOLOGICAPOLOGIC53291215380001	0	1891	Salary	NULL	NULL	NULL
2016-11-26 00:00:00	PAIEMENTPARCARTE	BARDESVEDETTEDINAN25/11	22	0	Toxics	NULL	NULL	NULL
2016-11-26 00:00:00	PAIEMENTPARCARTE	INTERMARCHELANVALL25/11	12	0	Food	NULL	NULL	NULL
2016-11-25 00:00:00	PAIEMENTPARCARTE	MCDONALDQUEVERT24/11	11	0	Food	NULL	NULL	NULL
2016-11-25 00:00:00	PAIEMENTPARCARTE	INTERMARCHELANVALL24/11	62	0	Food	NULL	NULL	NULL
2016-11-24 00:00:00	RETRAITAUDISTRIBUTEUR	DINANCENTRE123/1116H50	60	0	Cash	NULL	NULL	NULL
2016-11-24 00:00:00	PAIEMENTPARCARTE	CARREFOURCITYDINAN23/11	44	0	Food	NULL	NULL	NULL
2016-11-24 00:00:00	PAIEMENTPARCARTE	LIBRAIRIELEGRENIERDINAN23/11	25	0	Toxics	NULL	NULL	NULL
2016-11-23 00:00:00	PAIEMENTPARCARTE	LEPASSESIMPLEDINAN20/11	22	0	Toxics	NULL	NULL	NULL
2016-11-23 00:00:00	PAIEMENTPARCARTE	BRICOMARCHETADEN21/11	8	0	Home	NULL	NULL	NULL
2016-11-23 00:00:00	PAIEMENTPARCARTE	DECATHLON0720TADEN21/11	50	0	Health	NULL	NULL	NULL
2016-11-23 00:00:00	PAIEMENTPARCARTE	GOURMETWOKTADEN21/11	13	0	Food	NULL	NULL	NULL
2016-11-23 00:00:00	PAIEMENTPARCARTE	CARREFOURCITYDINAN20/11	15	0	Food	NULL	NULL	NULL
2016-11-23 00:00:00	PAIEMENTPARCARTE	INTERMARCHETADEN21/11	23	0	Food	NULL	NULL	NULL
2016-11-20 00:00:00	PAIEMENTPARCARTE	TERRESNEUVASDINAN19/11	103	0	Food	NULL	NULL	NULL
2016-11-20 00:00:00	PAIEMENTPARCARTE	INTERMARCHETADEN19/11	7	0	Food	NULL	NULL	NULL
2016-11-19 00:00:00	PAIEMENTPARCARTE	INTERMARCHELANVALL18/11	56	0	Food	NULL	NULL	NULL
2016-11-19 00:00:00	VIREMENTENVOTREFAVEUR	MMAIARD151432901061532215507	0	99	Other	NULL	NULL	NULL
2016-11-18 00:00:00	PRELEVEMENT	SUPPLETIS018506	104	0	Bank	NULL	NULL	NULL
2016-11-18 00:00:00	PAIEMENTPARCARTE	INTERMARCHETADEN17/11	9	0	Food	NULL	NULL	NULL
2016-11-18 00:00:00	PRELEVEMENT	PRETPERSONNEL018506	1731	0	Debt	NULL	NULL	NULL
2016-11-18 00:00:00	PRELEVEMENT	PRETPERSONNEL018506	12415	0	Debt	NULL	NULL	NULL
2016-11-18 00:00:00	PRELEVEMENT	SUPPLETIS018506	4268	0	Bank	NULL	NULL	NULL
2016-11-16 00:00:00	RETRAITAUDISTRIBUTEUR	LESNEVEN14/1116H17	60	0	Cash	NULL	NULL	NULL
2016-11-16 00:00:00	RETRAITAUDISTRIBUTEUR	DINANINTERMARCH13/1117H09	60	0	Cash	NULL	NULL	NULL
2016-11-16 00:00:00	PAIEMENTPARCARTE	LELAFAYETTEBREST15/11	70	0	Toxics	NULL	NULL	NULL
2016-11-16 00:00:00	PAIEMENTPARCARTE	SOMOBADACTADEN14/11	48	0	Transport	NULL	NULL	NULL
2016-11-16 00:00:00	PAIEMENTPARCARTE	SMCASINOCS184LESNEVEN14/11	18	0	Food	NULL	NULL	NULL
2016-11-13 00:00:00	FRAIS	COMMISSIOND'INTERVENTION	8	0	Bank	NULL	NULL	NULL
2016-11-13 00:00:00	VIREMENTENVOTREFAVEUR	PRETBUDGET	0	30000	Other	NULL	NULL	NULL
2016-11-12 00:00:00	FRAIS	COMMISSIOND'INTERVENTION	24	0	Bank	NULL	NULL	NULL
2016-11-12 00:00:00	PAIEMENTPARCARTE	SFRCBONESHOTPUTEAUX09/11	49	0	Telephone	NULL	NULL	NULL
2016-11-10 00:00:00	PAIEMENTPARCARTE	ADKERAUTODINAN09/11	10	0	Car	NULL	NULL	NULL
2016-11-10 00:00:00	PAIEMENTPARCARTE	CARREFOURCITYDINAN09/11	8	0	Food	NULL	NULL	NULL
2016-11-09 00:00:00	PRELEVEMENT	PRETPERSONNEL018506	146	0	Debt	NULL	NULL	NULL
2016-11-09 00:00:00	PRELEVEMENT	PRETPERSONNEL018506	383	0	Debt	NULL	NULL	NULL
2016-11-09 00:00:00	PAIEMENTPARCARTE	BRICOMARCHETADEN07/11	8	0	Home	NULL	NULL	NULL
2016-11-09 00:00:00	PAIEMENTPARCARTE	LE1DELAPLACEDINAN06/11	18	0	Toxics	NULL	NULL	NULL
2016-11-09 00:00:00	PAIEMENTPARCARTE	INTERMARCHELANVALL06/11	22	0	Food	NULL	NULL	NULL
2016-11-09 00:00:00	PAIEMENTPARCARTE	INTERMARCHETADEN07/11	57	0	Food	NULL	NULL	NULL
2016-11-06 00:00:00	PAIEMENTPARCARTE	INTERMARCHETADEN05/11	36	0	Food	NULL	NULL	NULL
2016-11-04 00:00:00	PAIEMENTPARCARTE	CARREFOURCITYDINAN03/11	12	0	Food	NULL	NULL	NULL
2016-11-03 00:00:00	COTISATION	COMPTESERVICEOPTION2	6	0	Bank	NULL	NULL	NULL
2016-11-03 00:00:00	RETRAITAUDISTRIBUTEUR	LANVALLAY02/1118H18	60	0	Cash	NULL	NULL	NULL
2016-11-03 00:00:00	PAIEMENTPARCARTE	INTERMARCHELANVALL02/11	35	0	Food	NULL	NULL	NULL
2016-11-02 00:00:00	PAIEMENTPARCARTE	SOMOBADACTADEN31/10	64	0	Transport	NULL	NULL	NULL
2016-11-02 00:00:00	PAIEMENTPARCARTE	BARDESVEDETTEDINAN31/10	70	0	Toxics	NULL	NULL	NULL
2016-11-02 00:00:00	PAIEMENTPARCARTE	INTERMARCHETADEN30/10	13	0	Food	NULL	NULL	NULL
2016-11-02 00:00:00	PAIEMENTPARCARTE	LESTERRASSESDINAN01/11	5	0	Toxics	NULL	NULL	NULL
2016-10-30 00:00:00	FRAIS	OPERATIONETRANGER	0	0	Bank	NULL	NULL	NULL
2016-10-30 00:00:00	PAIEMENTPARCARTE	INTERMARCHELANVALL29/10	19	0	Food	NULL	NULL	NULL
2016-10-30 00:00:00	PAIEMENTPARCARTE	INTERMARCHETADEN29/10	31	0	Food	NULL	NULL	NULL
2016-10-30 00:00:00	PAIEMENTPARCARTE	DYN*DYN.COM/CHARGE603-66829/10	27	0	Other	NULL	NULL	NULL
2016-10-29 00:00:00	RETRAITAUDISTRIBUTEUR	DINANINTERMARCH28/1017H49	60	0	Cash	NULL	NULL	NULL
2016-10-27 00:00:00	PRELEVEMENT	SUPPLETIS018506	112	0	Bank	NULL	NULL	NULL
2016-10-27 00:00:00	VIREMENTENVOTREFAVEUR	APOLOGICAPOLOGIC52961551200001	0	1896	Salary	NULL	NULL	NULL
2016-10-22 00:00:00	RETROATITRECOMMERCIAL	COMMISSIOND'INTERVENTION	0	16	Bank	NULL	NULL	NULL
2016-10-22 00:00:00	FRAIS	COMMISSIOND'INTERVENTION	16	0	Bank	NULL	NULL	NULL
2016-10-21 00:00:00	RETROATITRECOMMERCIAL	COMMISSIOND'INTERVENTION	0	8	Bank	NULL	NULL	NULL
2016-10-21 00:00:00	FRAIS	COMMISSIOND'INTERVENTION	8	0	Bank	NULL	NULL	NULL
2016-10-21 00:00:00	PAIEMENTPARCARTE	CARREFOURCITYDINAN20/10	9	0	Food	NULL	NULL	NULL
2016-10-21 00:00:00	PAIEMENTPARCARTE	INTERMARCHETADEN20/10	6	0	Food	NULL	NULL	NULL
2016-10-20 00:00:00	RETROATITRECOMMERCIAL	COMMISSIOND'INTERVENTION	0	16	Bank	NULL	NULL	NULL
2016-10-20 00:00:00	FRAIS	COMMISSIOND'INTERVENTION	24	0	Bank	NULL	NULL	NULL
2016-10-20 00:00:00	REJET	PRLVSUPPLETIS	0	104	Bank	NULL	NULL	NULL
2016-10-20 00:00:00	PAIEMENTPARCARTE	INTERMARCHETADEN19/10	5	0	Food	NULL	NULL	NULL
2016-10-19 00:00:00	PRELEVEMENT	GAEL	1	0	Bank	NULL	NULL	NULL
2016-10-19 00:00:00	FRAIS	COMMISSIOND'INTERVENTION	8	0	Bank	NULL	NULL	NULL
2016-10-19 00:00:00	PAIEMENTPARCARTE	LEONVOLLESNEVEN17/10	38	0	Toxics	NULL	NULL	NULL
2016-10-19 00:00:00	PAIEMENTPARCARTE	BARDESVEDETTEDINAN16/10	71	0	Toxics	NULL	NULL	NULL
2016-10-19 00:00:00	PAIEMENTPARCARTE	INTERMARCHETADEN16/10	16	0	Food	NULL	NULL	NULL
2016-10-19 00:00:00	VIREMENTENVOTREFAVEUR	C.P.A.M.FINISTERE152890003419	0	3	Other	NULL	NULL	NULL
2016-10-16 00:00:00	FRAIS	COMMISSIOND'INTERVENTION	8	0	Bank	NULL	NULL	NULL
2016-10-16 00:00:00	PRELEVEMENT	SUPPLETIS018506	104	0	Bank	NULL	NULL	NULL
2016-10-16 00:00:00	PAIEMENTPARCARTE	CARREFOURCITYDINAN15/10	9	0	Food	NULL	NULL	NULL
2016-10-15 00:00:00	FRAIS	COMMISSIOND'INTERVENTION	8	0	Bank	NULL	NULL	NULL
2016-10-15 00:00:00	PAIEMENTPARCARTE	CARREFOURCITYDINAN14/10	10	0	Food	NULL	NULL	NULL
2016-10-14 00:00:00	FRAIS	COMMISSIOND'INTERVENTION	24	0	Bank	NULL	NULL	NULL
2016-10-14 00:00:00	PAIEMENTPARCARTE	INTERMARCHETADEN13/10	9	0	Food	NULL	NULL	NULL
2016-10-13 00:00:00	FRAIS	COMMISSIOND'INTERVENTION	24	0	Bank	NULL	NULL	NULL
2016-10-13 00:00:00	RETRAITAUDISTRIBUTEUR	DINAN12/1017H44	80	0	Cash	NULL	NULL	NULL
2016-10-13 00:00:00	PAIEMENTPARCARTE	INTERMARCHETADEN12/10	9	0	Food	NULL	NULL	NULL
2016-10-13 00:00:00	PAIEMENTPARCARTE	CASINOCARBSS184LESNEVEN12/10	45	0	Food	NULL	NULL	NULL
2016-10-12 00:00:00	CHEQUEEMIS	5216277/0000000/000000000	365	0	Other	NULL	NULL	NULL
2016-10-12 00:00:00	PAIEMENTPARCARTE	OSAKABREST10/10	32	0	Food	NULL	NULL	NULL
2016-10-12 00:00:00	PAIEMENTPARCARTE	SMCASINOCS184LESNEVEN09/10	12	0	Food	NULL	NULL	NULL
2016-10-09 00:00:00	PRELEVEMENT	PRETPERSONNEL018506	146	0	Debt	NULL	NULL	NULL
2016-10-09 00:00:00	PRELEVEMENT	PRETPERSONNEL018506	383	0	Debt	NULL	NULL	NULL
2016-10-09 00:00:00	PAIEMENTPARCARTE	LENEZROUGEDINAN08/10	22	0	Toxics	NULL	NULL	NULL
2016-10-09 00:00:00	PAIEMENTPARCARTE	CARREFOURCITYDINAN08/10	10	0	Food	NULL	NULL	NULL
2016-10-07 00:00:00	PAIEMENTPARCARTE	INTERMARCHETADEN06/10	15	0	Food	NULL	NULL	NULL
2016-10-07 00:00:00	CHEQUEEMIS	5216279	120	0	Other	NULL	NULL	NULL
2016-10-05 00:00:00	RETRAITAUDISTRIBUTEUR	DINANGARE04/1017H46	60	0	Cash	NULL	NULL	NULL
2016-10-05 00:00:00	PAIEMENTPARCARTE	COIF&COLEFOLGOET03/10	14	0	Toxics	NULL	NULL	NULL
2016-10-05 00:00:00	PAIEMENTPARCARTE	SMCASINOCS184LESNEVEN02/10	12	0	Food	NULL	NULL	NULL
2016-10-05 00:00:00	PAIEMENTPARCARTE	CASINOCARBSS184LESNEVEN04/10	53	0	Food	NULL	NULL	NULL
2016-10-05 00:00:00	WEBCOMPTEJOINTCMB	VIREMENTEMIS	650	0	Cmb	NULL	NULL	NULL
2016-10-02 00:00:00	FRAIS	INTDEB3TRIM15TAEG=18,17%	33	0	Bank	NULL	NULL	NULL
2016-10-02 00:00:00	PAIEMENTPARCARTE	INTERMARCHETADEN01/10	3	0	Food	NULL	NULL	NULL
2016-10-02 00:00:00	CHEQUEEMIS	5216278	770	0	Other	NULL	NULL	NULL
2016-10-01 00:00:00	COTISATION	COMPTESERVICEOPTION2	6	0	Bank	NULL	NULL	NULL
2016-10-01 00:00:00	PAIEMENTPARCARTE	LECARIVERPLOUGASTELDAO30/09	70	0	Toxics	NULL	NULL	NULL
2016-10-01 00:00:00	CHEQUEEMIS	5216274	30	0	Other	NULL	NULL	NULL
2016-09-30 00:00:00	PAIEMENTPARCARTE	CENTRELECLERCLEHON29/09	28	0	Food	NULL	NULL	NULL
2016-09-30 00:00:00	PAIEMENTPARCARTE	SFRCBONESHOTPUTEAUX28/09	48	0	Telephone	NULL	NULL	NULL
2016-09-29 00:00:00	FRAIS	OPERATIONETRANGER	0	0	Bank	NULL	NULL	NULL
2016-09-29 00:00:00	PAIEMENTPARCARTE	INTERMARCHETADEN28/09	13	0	Food	NULL	NULL	NULL
2016-09-29 00:00:00	PAIEMENTPARCARTE	SOMOBADACTADEN28/09	61	0	Transport	NULL	NULL	NULL
2016-09-29 00:00:00	PAIEMENTPARCARTE	DYN*DYN.COM/CHARGE603-66828/09	26	0	Other	NULL	NULL	NULL
2016-09-28 00:00:00	PRELEVEMENT	GAEL	1	0	Bank	NULL	NULL	NULL
2016-09-28 00:00:00	RETRAITAUDISTRIBUTEUR	LESNEVEN27/0911H24	60	0	Cash	NULL	NULL	NULL
2016-09-28 00:00:00	PAIEMENTPARCARTE	ANTYCOZPLOUGASTELDAOU26/09	23	0	Food	NULL	NULL	NULL
2016-09-28 00:00:00	PAIEMENTPARCARTE	CASTORAMABREST26/09	54	0	Home	NULL	NULL	NULL
2016-09-28 00:00:00	PAIEMENTPARCARTE	SMCASINOCS184LESNEVEN25/09	15	0	Food	NULL	NULL	NULL
2016-09-28 00:00:00	VIREMENTENVOTREFAVEUR	APOLOGICAPOLOGIC52671045180001	0	1825	Salary	NULL	NULL	NULL
2016-09-25 00:00:00	PAIEMENTPARCARTE	CARREFOURCITYDINAN24/09	10	0	Food	NULL	NULL	NULL
2016-09-24 00:00:00	PAIEMENTPARCARTE	INTERMARCHETADEN23/09	22	0	Food	NULL	NULL	NULL
2016-09-24 00:00:00	VIREMENTENVOTREFAVEUR	SUPPLETIS	0	800	Bank	NULL	NULL	NULL
2016-09-23 00:00:00	FRAIS	COMMISSIOND'INTERVENTION	8	0	Bank	NULL	NULL	NULL
2016-09-22 00:00:00	FRAIS	COMMISSIOND'INTERVENTION	24	0	Bank	NULL	NULL	NULL
2016-09-22 00:00:00	RETRAITAUDISTRIBUTEUR	DINAN21/0912H55	60	0	Cash	NULL	NULL	NULL
2016-09-21 00:00:00	PAIEMENTPARCARTE	CENTRELECLERCGUINGAMP18/09	6	0	Food	NULL	NULL	NULL
2016-09-21 00:00:00	PAIEMENTPARCARTE	SUPERU29PLOUGASTELDA19/09	7	0	Food	NULL	NULL	NULL
2016-09-21 00:00:00	PAIEMENTPARCARTE	SMCASINOCS184LESNEVEN19/09	21	0	Food	NULL	NULL	NULL
2016-09-21 00:00:00	PAIEMENTPARCARTE	GARAGEDEBELAIRLESNEVEN20/09	59	0	Toxics	NULL	NULL	NULL
2016-09-18 00:00:00	PRELEVEMENT	SUPPLETIS018506	90	0	Bank	NULL	NULL	NULL
2016-09-18 00:00:00	PAIEMENTPARCARTE	SUBWAY-TADEN17/09	8	0	Food	NULL	NULL	NULL
2016-09-18 00:00:00	PAIEMENTPARCARTE	CARREFOURCITYDINAN17/09	8	0	Food	NULL	NULL	NULL
2016-09-17 00:00:00	PAIEMENTPARCARTE	INTERMARCHETADEN16/09	5	0	Food	NULL	NULL	NULL
2016-09-16 00:00:00	PAIEMENTPARCARTE	GOURMETWOKTADEN15/09	17	0	Food	NULL	NULL	NULL
2016-09-16 00:00:00	PAIEMENTPARCARTE	INTERMARCHETADEN15/09	4	0	Food	NULL	NULL	NULL
2016-09-16 00:00:00	PAIEMENTPARCARTE	INTERMARCHETADEN15/09	14	0	Food	NULL	NULL	NULL
2016-09-14 00:00:00	RETRAITAUDISTRIBUTEUR	LESNEVEN12/0918H32	60	0	Cash	NULL	NULL	NULL
2016-09-14 00:00:00	PAIEMENTPARCARTE	SMCASINOCS184LESNEVEN11/09	7	0	Food	NULL	NULL	NULL
2016-09-14 00:00:00	PAIEMENTPARCARTE	CASINOCARBSS184LESNEVEN13/09	65	0	Food	NULL	NULL	NULL
2016-09-11 00:00:00	RETRAITAUDISTRIBUTEUR	DINAN10/0908H03	80	0	Cash	NULL	NULL	NULL
2016-09-10 00:00:00	PAIEMENTPARCARTE	DECATHLON0720TADEN09/09	19	0	Health	NULL	NULL	NULL
2016-09-10 00:00:00	PAIEMENTPARCARTE	CARREFOURCITYDINAN09/09	3	0	Food	NULL	NULL	NULL
2016-09-10 00:00:00	PAIEMENTPARCARTE	INTERMARCHETADEN09/09	8	0	Food	NULL	NULL	NULL
2016-09-09 00:00:00	PRELEVEMENT	PRETPERSONNEL018506	146	0	Debt	NULL	NULL	NULL
2016-09-09 00:00:00	PRELEVEMENT	PRETPERSONNEL018506	383	0	Debt	NULL	NULL	NULL
2016-09-09 00:00:00	PAIEMENTPARCARTE	CARREFOURCITYDINAN08/09	13	0	Food	NULL	NULL	NULL
2016-09-09 00:00:00	PAIEMENTPARCARTE	CARREFOURCITYDINAN08/09	7	0	Food	NULL	NULL	NULL
2016-09-09 00:00:00	PAIEMENTPARCARTE	MCDONALDQUEVERT08/09	7	0	Food	NULL	NULL	NULL
2016-09-09 00:00:00	PAIEMENTPARCARTE	TABACPRESSELOTODINAN08/09	71	0	Toxics	NULL	NULL	NULL
2016-09-08 00:00:00	PAIEMENTPARCARTE	SUBWAY-TADEN07/09	8	0	Food	NULL	NULL	NULL
2016-09-08 00:00:00	PAIEMENTPARCARTE	CARREFOURCITYDINAN07/09	8	0	Food	NULL	NULL	NULL
2016-09-07 00:00:00	FRAIS	OPERATIONETRANGER	0	0	Bank	NULL	NULL	NULL
2016-09-07 00:00:00	RETRAITAUDISTRIBUTEUR	LESNEVEN05/0914H15	60	0	Cash	NULL	NULL	NULL
2016-09-07 00:00:00	PAIEMENTPARCARTE	STYLECO7658LESNEVEN05/09	37	0	Toxics	NULL	NULL	NULL
2016-09-07 00:00:00	PAIEMENTPARCARTE	GOURMETWOKTADEN04/09	17	0	Food	NULL	NULL	NULL
2016-09-07 00:00:00	PAIEMENTPARCARTE	INTERMARCHETADEN04/09	7	0	Food	NULL	NULL	NULL
2016-09-07 00:00:00	PAIEMENTPARCARTE	INTERMARCHETADEN04/09	5	0	Food	NULL	NULL	NULL
2016-09-07 00:00:00	PAIEMENTPARCARTE	CDISCOUNTBORDEAUX04/09	14	0	Other	NULL	NULL	NULL
2016-09-07 00:00:00	PAIEMENTPARCARTE	CASINOCARBSS184LESNEVEN05/09	68	0	Food	NULL	NULL	NULL
2016-09-07 00:00:00	PAIEMENTPARCARTE	DYN*DYN.COM/CHARGE603-66806/09	26	0	Other	NULL	NULL	NULL
2016-09-07 00:00:00	WEBCOMPTEJOINTCMB	VIREMENTEMIS	650	0	Cmb	NULL	NULL	NULL
2016-09-04 00:00:00	PAIEMENTPARCARTE	INTERMARCHETADEN03/09	9	0	Food	NULL	NULL	NULL
2016-09-03 00:00:00	FRAIS	OPERATIONETRANGER	1	0	Bank	NULL	NULL	NULL
2016-09-03 00:00:00	PAIEMENTPARCARTE	INTERMARCHETADEN02/09	6	0	Food	NULL	NULL	NULL
2016-09-03 00:00:00	PAIEMENTPARCARTE	DYN*DYN.COM/CHARGE603-66802/09	35	0	Other	NULL	NULL	NULL
2016-09-02 00:00:00	RETRAITAUDISTRIBUTEUR	DINAN01/0907H59	80	0	Cash	NULL	NULL	NULL
2016-09-01 00:00:00	COTISATION	COMPTESERVICEOPTION2	6	0	Bank	NULL	NULL	NULL
2016-09-01 00:00:00	PAIEMENTPARCARTE	CAMPINGMPALDINAN31/08	39	0	Rent	NULL	NULL	NULL
2016-09-01 00:00:00	PAIEMENTPARCARTE	CARREFOURCITYDINAN31/08	6	0	Food	NULL	NULL	NULL
2016-08-31 00:00:00	CHEQUEEMIS	5216271	65	0	Other	NULL	NULL	NULL
2016-08-28 00:00:00	PRELEVEMENT	GAEL	1	0	Bank	NULL	NULL	NULL
2016-08-27 00:00:00	COTISATION	CARTEGOLDDITWINDUAL	80	0	Bank	NULL	NULL	NULL
2016-08-27 00:00:00	FRAIS	COMMISSIOND'INTERVENTION	24	0	Bank	NULL	NULL	NULL
2016-08-27 00:00:00	VIREMENTENVOTREFAVEUR	APOLOGICAPOLOGIC52371128200001	0	2489	Salary	NULL	NULL	NULL
2016-08-26 00:00:00	FRAIS	COMMISSIOND'INTERVENTION	24	0	Bank	NULL	NULL	NULL
2016-08-26 00:00:00	PAIEMENTPARCARTE	INTERMARCHETADEN25/08	13	0	Food	NULL	NULL	NULL
2016-08-26 00:00:00	PAIEMENTPARCARTE	SFRCBONESHOTPUTEAUX24/08	46	0	Telephone	NULL	NULL	NULL
2016-08-26 00:00:00	PAIEMENTPARCARTE	SFRCBONESHOTPUTEAUX24/08	50	0	Telephone	NULL	NULL	NULL
2016-08-25 00:00:00	RETRAITAUDISTRIBUTEUR	DINAN24/0817H52	80	0	Cash	NULL	NULL	NULL
2016-08-25 00:00:00	PAIEMENTPARCARTE	CAMPINGMPALDINAN24/08	39	0	Rent	NULL	NULL	NULL
2016-08-25 00:00:00	PAIEMENTPARCARTE	TABACPRESSELOTODINAN24/08	70	0	Toxics	NULL	NULL	NULL
2016-08-24 00:00:00	RETRAITAUDISTRIBUTEUR	DINANINTERMARCH21/0813H46	60	0	Cash	NULL	NULL	NULL
2016-08-24 00:00:00	RETRAITAUDISTRIBUTEUR	06301BRESTSIAM21/0818H08	60	0	Cash	NULL	NULL	NULL
2016-08-24 00:00:00	PAIEMENTPARCARTE	SOMOBADACTADEN21/08	64	0	Transport	NULL	NULL	NULL
2016-08-24 00:00:00	PAIEMENTPARCARTE	SMCASINOCS184LESNEVEN22/08	17	0	Food	NULL	NULL	NULL
2016-08-20 00:00:00	RETRAITAUDISTRIBUTEUR	DINAN19/0818H11	80	0	Cash	NULL	NULL	NULL
2016-08-19 00:00:00	PAIEMENTPARCARTE	CAMPINGMPALDINAN17/08	39	0	Rent	NULL	NULL	NULL
2016-08-19 00:00:00	PAIEMENTPARCARTE	KARINECOIFFUREDINAN18/08	17	0	Health	NULL	NULL	NULL
2016-08-19 00:00:00	PAIEMENTPARCARTE	INTERMARCHETADEN18/08	6	0	Food	NULL	NULL	NULL
2016-08-18 00:00:00	PRELEVEMENT	SUPPLETIS018506	90	0	Bank	NULL	NULL	NULL
2016-08-17 00:00:00	RETRAITAUDISTRIBUTEUR	LESNEVEN15/0815H43	80	0	Cash	NULL	NULL	NULL
2016-08-17 00:00:00	PAIEMENTPARCARTE	SMCASINOCS184LESNEVEN15/08	10	0	Food	NULL	NULL	NULL
2016-08-14 00:00:00	RETRAITAUDISTRIBUTEUR	DINANINTERMARCH13/0812H56	60	0	Cash	NULL	NULL	NULL
2016-08-14 00:00:00	CHEQUEEMIS	5216276	16	0	Other	NULL	NULL	NULL
2016-08-11 00:00:00	RETRAITAUDISTRIBUTEUR	DINANINTERMARCH10/0813H11	60	0	Cash	NULL	NULL	NULL
2016-08-11 00:00:00	PAIEMENTPARCARTE	CAMPINGMPALDINAN10/08	39	0	Rent	NULL	NULL	NULL
2016-08-11 00:00:00	PAIEMENTPARCARTE	CARREFOURCITYDINAN10/08	12	0	Food	NULL	NULL	NULL
2016-08-10 00:00:00	PAIEMENTPARCARTE	SMCASINOCS184LESNEVEN07/08	10	0	Food	NULL	NULL	NULL
2016-08-10 00:00:00	PAIEMENTPARCARTE	SOMOBASTATIONTADEN07/08	52	0	Energy	NULL	NULL	NULL
2016-08-07 00:00:00	PRELEVEMENT	PRETPERSONNEL018506	146	0	Debt	NULL	NULL	NULL
2016-08-07 00:00:00	PRELEVEMENT	PRETPERSONNEL018506	383	0	Debt	NULL	NULL	NULL
2016-08-06 00:00:00	RETRAITAUDISTRIBUTEUR	DINAN05/0818H39	80	0	Cash	NULL	NULL	NULL
2016-08-06 00:00:00	PAIEMENTPARCARTE	LE1DELAPLACEDINAN05/08	58	0	Toxics	NULL	NULL	NULL
2016-08-06 00:00:00	PAIEMENTPARCARTE	LE40BOULEVARD-01QUEVERT05/08	6	0	Toxics	NULL	NULL	NULL
2016-08-05 00:00:00	PAIEMENTPARCARTE	SUBWAY-TADEN04/08	8	0	Food	NULL	NULL	NULL
2016-08-05 00:00:00	PAIEMENTPARCARTE	INTERMARCHETADEN04/08	15	0	Food	NULL	NULL	NULL
2016-08-05 00:00:00	WEBCOMPTEJOINTCMB	VIREMENTEMIS	650	0	Cmb	NULL	NULL	NULL
2016-08-04 00:00:00	PAIEMENTPARCARTE	SUBWAY-TADEN03/08	8	0	Food	NULL	NULL	NULL
2016-08-04 00:00:00	PAIEMENTPARCARTE	CAMPINGMPALDINAN03/08	39	0	Rent	NULL	NULL	NULL
2016-08-04 00:00:00	PAIEMENTPARCARTE	CARREFOURCITYDINAN03/08	8	0	Food	NULL	NULL	NULL
2016-08-04 00:00:00	PAIEMENTPARCARTE	INTERMARCHETADEN03/08	6	0	Food	NULL	NULL	NULL
2016-08-03 00:00:00	COTISATION	COMPTESERVICEOPTION2	6	0	Bank	NULL	NULL	NULL
2016-08-03 00:00:00	PAIEMENTPARCARTE	UTILELESNEVENSTMEEN01/08	30	0	Toxics	NULL	NULL	NULL
2016-08-03 00:00:00	PAIEMENTPARCARTE	CELIOLESNEVEN01/08	89	0	Toxics	NULL	NULL	NULL
2016-08-03 00:00:00	PAIEMENTPARCARTE	CACHECACHELESNEVEN01/08	57	0	Toxics	NULL	NULL	NULL
2016-08-03 00:00:00	PAIEMENTPARCARTE	INTERMARCHETADEN31/07	22	0	Food	NULL	NULL	NULL
2016-07-30 00:00:00	PRELEVEMENT	GAEL	1	0	Bank	NULL	NULL	NULL
2016-07-30 00:00:00	RETRAITAUDISTRIBUTEUR	DINAN29/0720H57	60	0	Cash	NULL	NULL	NULL
2016-07-29 00:00:00	PAIEMENTPARCARTE	CAMPINGMPALDINAN28/07	29	0	Rent	NULL	NULL	NULL
2016-07-29 00:00:00	PAIEMENTPARCARTE	LESVOYAGEURSDINAN28/07	17	0	Toxics	NULL	NULL	NULL
2016-07-28 00:00:00	PRELEVEMENT	SUPPLETIS018506	97	0	Bank	NULL	NULL	NULL
2016-07-28 00:00:00	PAIEMENTPARCARTE	STATIONU29LANDIVISIAU27/07	66	0	Energy	NULL	NULL	NULL
2016-07-28 00:00:00	PAIEMENTPARCARTE	INTERHOTELTADEN27/07	76	0	Rent	NULL	NULL	NULL
2016-07-28 00:00:00	PAIEMENTPARCARTE	CARREFOURMARKETQUEVERT27/07	26	0	Food	NULL	NULL	NULL
2016-07-27 00:00:00	RETRAITAUDISTRIBUTEUR	06323LESNEVEN25/0716H00	60	0	Cash	NULL	NULL	NULL
2016-07-27 00:00:00	PAIEMENTPARCARTE	PHARMACIEROUDALESNEVEN25/07	5	0	Toxics	NULL	NULL	NULL
2016-07-27 00:00:00	PAIEMENTPARCARTE	MARIEMARIELESNEVEN25/07	96	0	Toxics	NULL	NULL	NULL
2016-07-27 00:00:00	PAIEMENTPARCARTE	LIDAHOLESNEVEN25/07	73	0	Toxics	NULL	NULL	NULL
2016-07-23 00:00:00	RETRAITAUDISTRIBUTEUR	DABBRESTST-MARC23/0716H59	100	0	Cash	NULL	NULL	NULL
2016-07-23 00:00:00	BIRRIENDENISE	VIREMENTENVOTREFAVEUR	0	5000	Sponsors	NULL	NULL	NULL
2016-07-22 00:00:00	RETROATITRECOMMERCIAL	COMMISSIOND'INTERVENTION	0	8	Bank	NULL	NULL	NULL
2016-07-22 00:00:00	FRAIS	COMMISSIOND'INTERVENTION	8	0	Bank	NULL	NULL	NULL
2016-07-21 00:00:00	RETROATITRECOMMERCIAL	COMMISSIOND'INTERVENTION	0	8	Bank	NULL	NULL	NULL
2016-07-21 00:00:00	FRAIS	LETTREINFOCPTDEBITNONAUTOR	14	0	Car	NULL	NULL	NULL
2016-07-21 00:00:00	FRAIS	COMMISSIOND'INTERVENTION	8	0	Bank	NULL	NULL	NULL
2016-07-21 00:00:00	FRAIS	PRELEVEMENTIMPAYE	12	0	Bank	NULL	NULL	NULL
2016-07-21 00:00:00	CRCAMDUFINISTERE	PRELEVMNT	6	0	Bank	NULL	NULL	NULL
2016-07-21 00:00:00	REJET	PRLVSUPPLETIS	0	90	Bank	NULL	NULL	NULL
2016-07-20 00:00:00	RETROATITRECOMMERCIAL	COMMISSIOND'INTERVENTION	0	8	Bank	NULL	NULL	NULL
2016-07-20 00:00:00	FRAIS	COMMISSIOND'INTERVENTION	8	0	Bank	NULL	NULL	NULL
2016-07-18 00:00:00	REJET	PRLVSFR	0	46	Telephone	NULL	NULL	NULL
2016-07-17 00:00:00	RETROATITRECOMMERCIAL	COMMISSIOND'INTERVENTION	0	8	Bank	NULL	NULL	NULL
2016-07-17 00:00:00	FRAIS	COMMISSIOND'INTERVENTION	8	0	Bank	NULL	NULL	NULL
2016-07-17 00:00:00	PRELEVEMENT	SUPPLETIS018506	90	0	Bank	NULL	NULL	NULL
2016-07-17 00:00:00	SFR	PRELEVMNT	46	0	Telephone	NULL	NULL	NULL
2016-07-16 00:00:00	RETRAITAUDISTRIBUTEUR	LESNEVEN15/0715H16	60	0	Cash	NULL	NULL	NULL
2016-07-15 00:00:00	RETROATITRECOMMERCIAL	COMMISSIOND'INTERVENTION	0	16	Bank	NULL	NULL	NULL
2016-07-15 00:00:00	FRAIS	COMMISSIOND'INTERVENTION	16	0	Bank	NULL	NULL	NULL
2016-07-13 00:00:00	FRAIS	COMMISSIOND'INTERVENTION	24	0	Bank	NULL	NULL	NULL
2016-07-13 00:00:00	SFRFIXEADSL	PRELEVMNT	38	0	Telephone	NULL	NULL	NULL
2016-07-13 00:00:00	RETRAITAUDISTRIBUTEUR	LESNEVEN12/0709H40	60	0	Cash	NULL	NULL	NULL
2016-07-10 00:00:00	FRAIS	COMMISSIOND'INTERVENTION	8	0	Bank	NULL	NULL	NULL
2016-07-10 00:00:00	RETRAITAUDISTRIBUTEUR	LESNEVEN09/0716H01	60	0	Cash	NULL	NULL	NULL
2016-07-09 00:00:00	PRELEVEMENT	PRETPERSONNEL018506	146	0	Debt	NULL	NULL	NULL
2016-07-09 00:00:00	PRELEVEMENT	PRETPERSONNEL018506	383	0	Debt	NULL	NULL	NULL
2016-07-09 00:00:00	RETRAITAUDISTRIBUTEUR	LESNEVEN08/0709H20	60	0	Cash	NULL	NULL	NULL
2016-07-08 00:00:00	FRAIS	COMMISSIOND'INTERVENTION	8	0	Bank	NULL	NULL	NULL
2016-07-07 00:00:00	FRAIS	COMMISSIOND'INTERVENTION	24	0	Bank	NULL	NULL	NULL
2016-07-07 00:00:00	B-PREDICA	PRELEVMNT	4	0	Bank	NULL	NULL	NULL
2016-07-06 00:00:00	FRAIS	COMMISSIOND'INTERVENTION	16	0	Bank	NULL	NULL	NULL
2016-07-06 00:00:00	MMAIARDSA	PRELEVMNT	101	0	Bank	NULL	NULL	NULL
2016-07-06 00:00:00	PAIEMENTPARCARTE	CASINOCARBSS184LESNEVEN04/07	8	0	Food	NULL	NULL	NULL
2016-07-06 00:00:00	WEBCOMPTEJOINTCMB	VIREMENTEMIS	650	0	Cmb	NULL	NULL	NULL
2016-07-03 00:00:00	RETRAITAUDISTRIBUTEUR	DAB1DINANLEHO02/0715H01	60	0	Cash	NULL	NULL	NULL
2016-07-03 00:00:00	PAIEMENTPARCARTE	CARREFMARKETDACQUEVERT02/07	69	0	Toxics	NULL	NULL	NULL
2016-07-02 00:00:00	FRAIS	INTDEB2TRIM15TAEG=17,62%	18	0	Bank	NULL	NULL	NULL
2016-07-01 00:00:00	COTISATION	COMPTESERVICEOPTION2	6	0	Bank	NULL	NULL	NULL
2016-07-01 00:00:00	RETRAITAUDISTRIBUTEUR	LESNEVEN30/0611H36	80	0	Cash	NULL	NULL	NULL
2015-12-21 00:00:00	CHEQUEEMIS	5216281/0000000/000000000	2700	0	Other	NULL	NULL	NULL
2015-12-21 00:00:00	PAIEMENTPARCARTE	KFCLANGUEUX19/12	8	0	Food	NULL	NULL	NULL
2015-12-21 00:00:00	PAIEMENTPARCARTE	SOMOBASTATIONTADEN19/12	58	0	Energy	NULL	NULL	NULL
2015-12-21 00:00:00	PAIEMENTPARCARTE	INTERMARCHETADEN18/12	7	0	Food	NULL	NULL	NULL
2015-12-21 00:00:00	PAIEMENTPARCARTE	TERRESNEUVASDINAN18/12	19	0	Food	NULL	NULL	NULL
2015-12-21 00:00:00	PAIEMENTPARCARTE	SMCASINOCS184LESNEVEN19/12	15	0	Food	NULL	NULL	NULL
2015-12-21 00:00:00	PAIEMENTPARCARTE	RESTPOINTEPLOUGONVELIN19/12	184	0	Food	NULL	NULL	NULL
2015-12-18 00:00:00	PAIEMENTPARCARTE	INTERMARCHETADEN17/12	2	0	Food	NULL	NULL	NULL
2015-12-18 00:00:00	PAIEMENTPARCARTE	INTERMARCHETADEN17/12	19	0	Food	NULL	NULL	NULL
2015-12-16 00:00:00	PAIEMENTPARCARTE	GOURMETWOKTADEN15/12	17	0	Food	NULL	NULL	NULL
2015-12-15 00:00:00	PAIEMENTPARCARTE	INTERMARCHELANVALL14/12	13	0	Food	NULL	NULL	NULL
2015-12-15 00:00:00	PAIEMENTPARCARTE	INTERMARCHETADEN14/12	7	0	Food	NULL	NULL	NULL
2015-12-14 00:00:00	RETRAITAUDISTRIBUTEUR	CORPSNUDS113/1215H08	60	0	Cash	NULL	NULL	NULL
2015-12-14 00:00:00	PAIEMENTPARCARTE	TERRESNEUVASDINAN12/12	1	0	Food	NULL	NULL	NULL
2015-12-14 00:00:00	PAIEMENTPARCARTE	TATIEJEANNEDINAN13/12	23	0	Other	NULL	NULL	NULL
2015-12-14 00:00:00	PAIEMENTPARCARTE	BARDESVEDETTEDINAN12/12	71	0	Toxics	NULL	NULL	NULL
2015-12-14 00:00:00	PAIEMENTPARCARTE	LE1DELAPLACEDINAN11/12	25	0	Toxics	NULL	NULL	NULL
2015-12-14 00:00:00	PAIEMENTPARCARTE	INTERMARCHETADEN11/12	4	0	Food	NULL	NULL	NULL
2015-12-14 00:00:00	PAIEMENTPARCARTE	AUVIEUXSTSAUVEURDINAN12/12	4	0	Other	NULL	NULL	NULL
2015-12-14 00:00:00	PAIEMENTPARCARTE	INTERMARCHELANVALL12/12	16	0	Food	NULL	NULL	NULL
2015-12-11 00:00:00	PAIEMENTPARCARTE	PORTPLAISANCEDINAN10/12	216	0	Rent	NULL	NULL	NULL
2015-12-11 00:00:00	PAIEMENTPARCARTE	INTERMARCHETADEN10/12	5	0	Food	NULL	NULL	NULL
2015-12-11 00:00:00	PAIEMENTPARCARTE	INTERMARCHETADEN10/12	4	0	Food	NULL	NULL	NULL
2015-12-10 00:00:00	PAIEMENTPARCARTE	INTERMARCHETADEN09/12	5	0	Food	NULL	NULL	NULL
2015-12-10 00:00:00	VIREMENTENVOTREFAVEUR	SUPPLETIS	0	104	Bank	NULL	NULL	NULL
2015-12-09 00:00:00	PAIEMENTPARCARTE	CARREFOURCITYDINAN08/12	6	0	Food	NULL	NULL	NULL
2015-12-09 00:00:00	PAIEMENTPARCARTE	INTERMARCHETADEN08/12	11	0	Food	NULL	NULL	NULL
2015-12-08 00:00:00	PAIEMENTPARCARTE	INTERMARCHETADEN07/12	3	0	Food	NULL	NULL	NULL
2015-12-08 00:00:00	PAIEMENTPARCARTE	INTERMARCHETADEN07/12	6	0	Food	NULL	NULL	NULL
2015-12-08 00:00:00	PAIEMENTPARCARTE	SFRCBONESHOTPUTEAUX05/12	39	0	Telephone	NULL	NULL	NULL
2015-12-07 00:00:00	RETRAITAUDISTRIBUTEUR	DINANCENTRE105/1217H30	60	0	Cash	NULL	NULL	NULL
2015-12-07 00:00:00	PAIEMENTPARCARTE	EVASIONMARINESTJOUANDE05/12	280	0	Boat	NULL	NULL	NULL
2015-12-07 00:00:00	PAIEMENTPARCARTE	TERRESNEUVASDINAN05/12	75	0	Food	NULL	NULL	NULL
2015-12-07 00:00:00	PAIEMENTPARCARTE	INTERMARCHETADEN04/12	11	0	Food	NULL	NULL	NULL
2015-12-07 00:00:00	PAIEMENTPARCARTE	LEPASSESIMPLEDINAN05/12	13	0	Toxics	NULL	NULL	NULL
2015-12-07 00:00:00	PAIEMENTPARCARTE	INTERMARCHELANVALL05/12	88	0	Food	NULL	NULL	NULL
2015-12-07 00:00:00	PAIEMENTPARCARTE	LIBRAIRIELEGREDINAN05/12	25	0	Toxics	NULL	NULL	NULL
2015-12-04 00:00:00	PAIEMENTPARCARTE	INTERMARCHETADEN03/12	5	0	Food	NULL	NULL	NULL
2015-12-03 00:00:00	COTISATION	COMPTESERVICEOPTION2	6	0	Bank	NULL	NULL	NULL
2015-12-03 00:00:00	PAIEMENTPARCARTE	INTERMARCHETADEN02/12	5	0	Food	NULL	NULL	NULL
2015-12-02 00:00:00	PAIEMENTPARCARTE	BARDESVEDETTEDINAN30/11	70	0	Toxics	NULL	NULL	NULL
2015-12-01 00:00:00	PAIEMENTPARCARTE	INTERMARCHETADEN30/11	18	0	Food	NULL	NULL	NULL
2015-11-30 00:00:00	FRAIS	OPERATIONETRANGER	0	0	Bank	NULL	NULL	NULL
2015-11-30 00:00:00	RETRAITAUDISTRIBUTEUR	LESNEVEN228/1117H59	60	0	Cash	NULL	NULL	NULL
2015-11-30 00:00:00	PAIEMENTPARCARTE	SUBWAY-TADEN27/11	8	0	Food	NULL	NULL	NULL
2015-11-30 00:00:00	PAIEMENTPARCARTE	INTERMARCHETADEN27/11	11	0	Food	NULL	NULL	NULL
2015-11-30 00:00:00	PAIEMENTPARCARTE	CASINOCARBSS184LESNEVEN29/11	58	0	Food	NULL	NULL	NULL
2015-11-30 00:00:00	PAIEMENTPARCARTE	DYN*DYN.COM/CHARGE603-66827/11	28	0	Other	NULL	NULL	NULL
2015-11-30 00:00:00	VIREMENTENVOTREFAVEUR	C.P.A.M.FINISTERE153300004086	0	5	Other	NULL	NULL	NULL
2015-11-27 00:00:00	PAIEMENTPARCARTE	GOURMETWOKTADEN26/11	17	0	Food	NULL	NULL	NULL
2015-11-27 00:00:00	PAIEMENTPARCARTE	INTERMARCHELANVALL26/11	10	0	Food	NULL	NULL	NULL
2015-11-27 00:00:00	VIREMENTENVOTREFAVEUR	APOLOGICAPOLOGIC53291215380001	0	1891	Salary	NULL	NULL	NULL
2015-11-27 00:00:00	PRELEVEMENT	GAEL	1	0	Bank	NULL	NULL	NULL
2015-11-26 00:00:00	PAIEMENTPARCARTE	BARDESVEDETTEDINAN25/11	22	0	Toxics	NULL	NULL	NULL
2015-11-26 00:00:00	PAIEMENTPARCARTE	INTERMARCHELANVALL25/11	12	0	Food	NULL	NULL	NULL
2015-11-25 00:00:00	PAIEMENTPARCARTE	MCDONALDQUEVERT24/11	11	0	Food	NULL	NULL	NULL
2015-11-25 00:00:00	PAIEMENTPARCARTE	INTERMARCHELANVALL24/11	62	0	Food	NULL	NULL	NULL
2015-11-24 00:00:00	RETRAITAUDISTRIBUTEUR	DINANCENTRE123/1116H50	60	0	Cash	NULL	NULL	NULL
2015-11-24 00:00:00	PAIEMENTPARCARTE	CARREFOURCITYDINAN23/11	44	0	Food	NULL	NULL	NULL
2015-11-24 00:00:00	PAIEMENTPARCARTE	LIBRAIRIELEGRENIERDINAN23/11	25	0	Toxics	NULL	NULL	NULL
2015-11-23 00:00:00	PAIEMENTPARCARTE	LEPASSESIMPLEDINAN20/11	22	0	Toxics	NULL	NULL	NULL
2015-11-23 00:00:00	PAIEMENTPARCARTE	BRICOMARCHETADEN21/11	8	0	Home	NULL	NULL	NULL
2015-11-23 00:00:00	PAIEMENTPARCARTE	DECATHLON0720TADEN21/11	50	0	Health	NULL	NULL	NULL
2015-11-23 00:00:00	PAIEMENTPARCARTE	GOURMETWOKTADEN21/11	13	0	Food	NULL	NULL	NULL
2015-11-23 00:00:00	PAIEMENTPARCARTE	CARREFOURCITYDINAN20/11	15	0	Food	NULL	NULL	NULL
2015-11-23 00:00:00	PAIEMENTPARCARTE	INTERMARCHETADEN21/11	23	0	Food	NULL	NULL	NULL
2015-11-20 00:00:00	PAIEMENTPARCARTE	TERRESNEUVASDINAN19/11	103	0	Food	NULL	NULL	NULL
2015-11-20 00:00:00	PAIEMENTPARCARTE	INTERMARCHETADEN19/11	7	0	Food	NULL	NULL	NULL
2015-11-19 00:00:00	PAIEMENTPARCARTE	INTERMARCHELANVALL18/11	56	0	Food	NULL	NULL	NULL
2015-11-19 00:00:00	VIREMENTENVOTREFAVEUR	MMAIARD151432901061532215507	0	99	Other	NULL	NULL	NULL
2015-11-18 00:00:00	PRELEVEMENT	SUPPLETIS018506	104	0	Bank	NULL	NULL	NULL
2015-11-18 00:00:00	PAIEMENTPARCARTE	INTERMARCHETADEN17/11	9	0	Food	NULL	NULL	NULL
2015-11-18 00:00:00	PRELEVEMENT	PRETPERSONNEL018506	1731	0	Debt	NULL	NULL	NULL
2015-11-18 00:00:00	PRELEVEMENT	PRETPERSONNEL018506	12415	0	Debt	NULL	NULL	NULL
2015-11-18 00:00:00	PRELEVEMENT	SUPPLETIS018506	4268	0	Bank	NULL	NULL	NULL
2015-11-16 00:00:00	RETRAITAUDISTRIBUTEUR	LESNEVEN14/1116H17	60	0	Cash	NULL	NULL	NULL
2015-11-16 00:00:00	RETRAITAUDISTRIBUTEUR	DINANINTERMARCH13/1117H09	60	0	Cash	NULL	NULL	NULL
2015-11-16 00:00:00	PAIEMENTPARCARTE	LELAFAYETTEBREST15/11	70	0	Toxics	NULL	NULL	NULL
2015-11-16 00:00:00	PAIEMENTPARCARTE	SOMOBADACTADEN14/11	48	0	Transport	NULL	NULL	NULL
2015-11-16 00:00:00	PAIEMENTPARCARTE	SMCASINOCS184LESNEVEN14/11	18	0	Food	NULL	NULL	NULL
2015-11-13 00:00:00	FRAIS	COMMISSIOND'INTERVENTION	8	0	Bank	NULL	NULL	NULL
2015-11-13 00:00:00	VIREMENTENVOTREFAVEUR	PRETBUDGET	0	30000	Other	NULL	NULL	NULL
2015-11-12 00:00:00	FRAIS	COMMISSIOND'INTERVENTION	24	0	Bank	NULL	NULL	NULL
2015-11-12 00:00:00	PAIEMENTPARCARTE	SFRCBONESHOTPUTEAUX09/11	49	0	Telephone	NULL	NULL	NULL
2015-11-10 00:00:00	PAIEMENTPARCARTE	ADKERAUTODINAN09/11	10	0	Car	NULL	NULL	NULL
2015-11-10 00:00:00	PAIEMENTPARCARTE	CARREFOURCITYDINAN09/11	8	0	Food	NULL	NULL	NULL
2015-11-09 00:00:00	PRELEVEMENT	PRETPERSONNEL018506	146	0	Debt	NULL	NULL	NULL
2015-11-09 00:00:00	PRELEVEMENT	PRETPERSONNEL018506	383	0	Debt	NULL	NULL	NULL
2015-11-09 00:00:00	PAIEMENTPARCARTE	BRICOMARCHETADEN07/11	8	0	Home	NULL	NULL	NULL
2015-11-09 00:00:00	PAIEMENTPARCARTE	LE1DELAPLACEDINAN06/11	18	0	Toxics	NULL	NULL	NULL
2015-11-09 00:00:00	PAIEMENTPARCARTE	INTERMARCHELANVALL06/11	22	0	Food	NULL	NULL	NULL
2015-11-09 00:00:00	PAIEMENTPARCARTE	INTERMARCHETADEN07/11	57	0	Food	NULL	NULL	NULL
2015-11-06 00:00:00	PAIEMENTPARCARTE	INTERMARCHETADEN05/11	36	0	Food	NULL	NULL	NULL
2015-11-04 00:00:00	PAIEMENTPARCARTE	CARREFOURCITYDINAN03/11	12	0	Food	NULL	NULL	NULL
2015-11-03 00:00:00	COTISATION	COMPTESERVICEOPTION2	6	0	Bank	NULL	NULL	NULL
2015-11-03 00:00:00	RETRAITAUDISTRIBUTEUR	LANVALLAY02/1118H18	60	0	Cash	NULL	NULL	NULL
2015-11-03 00:00:00	PAIEMENTPARCARTE	INTERMARCHELANVALL02/11	35	0	Food	NULL	NULL	NULL
2015-11-02 00:00:00	PAIEMENTPARCARTE	SOMOBADACTADEN31/10	64	0	Transport	NULL	NULL	NULL
2015-11-02 00:00:00	PAIEMENTPARCARTE	BARDESVEDETTEDINAN31/10	70	0	Toxics	NULL	NULL	NULL
2015-11-02 00:00:00	PAIEMENTPARCARTE	INTERMARCHETADEN30/10	13	0	Food	NULL	NULL	NULL
2015-11-02 00:00:00	PAIEMENTPARCARTE	LESTERRASSESDINAN01/11	5	0	Toxics	NULL	NULL	NULL
2015-10-30 00:00:00	FRAIS	OPERATIONETRANGER	0	0	Bank	NULL	NULL	NULL
2015-10-30 00:00:00	PAIEMENTPARCARTE	INTERMARCHELANVALL29/10	19	0	Food	NULL	NULL	NULL
2015-10-30 00:00:00	PAIEMENTPARCARTE	INTERMARCHETADEN29/10	31	0	Food	NULL	NULL	NULL
2015-10-30 00:00:00	PAIEMENTPARCARTE	DYN*DYN.COM/CHARGE603-66829/10	27	0	Other	NULL	NULL	NULL
2015-10-29 00:00:00	RETRAITAUDISTRIBUTEUR	DINANINTERMARCH28/1017H49	60	0	Cash	NULL	NULL	NULL
2015-10-27 00:00:00	PRELEVEMENT	SUPPLETIS018506	112	0	Bank	NULL	NULL	NULL
2015-10-27 00:00:00	VIREMENTENVOTREFAVEUR	APOLOGICAPOLOGIC52961551200001	0	1896	Salary	NULL	NULL	NULL
2015-10-22 00:00:00	RETROATITRECOMMERCIAL	COMMISSIOND'INTERVENTION	0	16	Bank	NULL	NULL	NULL
2015-10-22 00:00:00	FRAIS	COMMISSIOND'INTERVENTION	16	0	Bank	NULL	NULL	NULL
2015-10-21 00:00:00	RETROATITRECOMMERCIAL	COMMISSIOND'INTERVENTION	0	8	Bank	NULL	NULL	NULL
2015-10-21 00:00:00	FRAIS	COMMISSIOND'INTERVENTION	8	0	Bank	NULL	NULL	NULL
2015-10-21 00:00:00	PAIEMENTPARCARTE	CARREFOURCITYDINAN20/10	9	0	Food	NULL	NULL	NULL
2015-10-21 00:00:00	PAIEMENTPARCARTE	INTERMARCHETADEN20/10	6	0	Food	NULL	NULL	NULL
2015-10-20 00:00:00	RETROATITRECOMMERCIAL	COMMISSIOND'INTERVENTION	0	16	Bank	NULL	NULL	NULL
2015-10-20 00:00:00	FRAIS	COMMISSIOND'INTERVENTION	24	0	Bank	NULL	NULL	NULL
2015-10-20 00:00:00	REJET	PRLVSUPPLETIS	0	104	Bank	NULL	NULL	NULL
2015-10-20 00:00:00	PAIEMENTPARCARTE	INTERMARCHETADEN19/10	5	0	Food	NULL	NULL	NULL
2015-10-19 00:00:00	PRELEVEMENT	GAEL	1	0	Bank	NULL	NULL	NULL
2015-10-19 00:00:00	FRAIS	COMMISSIOND'INTERVENTION	8	0	Bank	NULL	NULL	NULL
2015-10-19 00:00:00	PAIEMENTPARCARTE	LEONVOLLESNEVEN17/10	38	0	Toxics	NULL	NULL	NULL
2015-10-19 00:00:00	PAIEMENTPARCARTE	BARDESVEDETTEDINAN16/10	71	0	Toxics	NULL	NULL	NULL
2015-10-19 00:00:00	PAIEMENTPARCARTE	INTERMARCHETADEN16/10	16	0	Food	NULL	NULL	NULL
2015-10-19 00:00:00	VIREMENTENVOTREFAVEUR	C.P.A.M.FINISTERE152890003419	0	3	Other	NULL	NULL	NULL
2015-10-16 00:00:00	FRAIS	COMMISSIOND'INTERVENTION	8	0	Bank	NULL	NULL	NULL
2015-10-16 00:00:00	PRELEVEMENT	SUPPLETIS018506	104	0	Bank	NULL	NULL	NULL
2015-10-16 00:00:00	PAIEMENTPARCARTE	CARREFOURCITYDINAN15/10	9	0	Food	NULL	NULL	NULL
2015-10-15 00:00:00	FRAIS	COMMISSIOND'INTERVENTION	8	0	Bank	NULL	NULL	NULL
2015-10-15 00:00:00	PAIEMENTPARCARTE	CARREFOURCITYDINAN14/10	10	0	Food	NULL	NULL	NULL
2015-10-14 00:00:00	FRAIS	COMMISSIOND'INTERVENTION	24	0	Bank	NULL	NULL	NULL
2015-10-14 00:00:00	PAIEMENTPARCARTE	INTERMARCHETADEN13/10	9	0	Food	NULL	NULL	NULL
2015-10-13 00:00:00	FRAIS	COMMISSIOND'INTERVENTION	24	0	Bank	NULL	NULL	NULL
2015-10-13 00:00:00	RETRAITAUDISTRIBUTEUR	DINAN12/1017H44	80	0	Cash	NULL	NULL	NULL
2015-10-13 00:00:00	PAIEMENTPARCARTE	INTERMARCHETADEN12/10	9	0	Food	NULL	NULL	NULL
2015-10-13 00:00:00	PAIEMENTPARCARTE	CASINOCARBSS184LESNEVEN12/10	45	0	Food	NULL	NULL	NULL
2015-10-12 00:00:00	CHEQUEEMIS	5216277/0000000/000000000	365	0	Other	NULL	NULL	NULL
2015-10-12 00:00:00	PAIEMENTPARCARTE	OSAKABREST10/10	32	0	Food	NULL	NULL	NULL
2015-10-12 00:00:00	PAIEMENTPARCARTE	SMCASINOCS184LESNEVEN09/10	12	0	Food	NULL	NULL	NULL
2015-10-09 00:00:00	PRELEVEMENT	PRETPERSONNEL018506	146	0	Debt	NULL	NULL	NULL
2015-10-09 00:00:00	PRELEVEMENT	PRETPERSONNEL018506	383	0	Debt	NULL	NULL	NULL
2015-10-09 00:00:00	PAIEMENTPARCARTE	LENEZROUGEDINAN08/10	22	0	Toxics	NULL	NULL	NULL
2015-10-09 00:00:00	PAIEMENTPARCARTE	CARREFOURCITYDINAN08/10	10	0	Food	NULL	NULL	NULL
2015-10-07 00:00:00	PAIEMENTPARCARTE	INTERMARCHETADEN06/10	15	0	Food	NULL	NULL	NULL
2015-10-07 00:00:00	CHEQUEEMIS	5216279	120	0	Other	NULL	NULL	NULL
2015-10-05 00:00:00	RETRAITAUDISTRIBUTEUR	DINANGARE04/1017H46	60	0	Cash	NULL	NULL	NULL
2015-10-05 00:00:00	PAIEMENTPARCARTE	COIF&COLEFOLGOET03/10	14	0	Toxics	NULL	NULL	NULL
2015-10-05 00:00:00	PAIEMENTPARCARTE	SMCASINOCS184LESNEVEN02/10	12	0	Food	NULL	NULL	NULL
2015-10-05 00:00:00	PAIEMENTPARCARTE	CASINOCARBSS184LESNEVEN04/10	53	0	Food	NULL	NULL	NULL
2015-10-05 00:00:00	WEBCOMPTEJOINTCMB	VIREMENTEMIS	650	0	Cmb	NULL	NULL	NULL
2015-10-02 00:00:00	FRAIS	INTDEB3TRIM15TAEG=18,17%	33	0	Bank	NULL	NULL	NULL
2015-10-02 00:00:00	PAIEMENTPARCARTE	INTERMARCHETADEN01/10	3	0	Food	NULL	NULL	NULL
2015-10-02 00:00:00	CHEQUEEMIS	5216278	770	0	Other	NULL	NULL	NULL
2015-10-01 00:00:00	COTISATION	COMPTESERVICEOPTION2	6	0	Bank	NULL	NULL	NULL
2015-10-01 00:00:00	PAIEMENTPARCARTE	LECARIVERPLOUGASTELDAO30/09	70	0	Toxics	NULL	NULL	NULL
2015-10-01 00:00:00	CHEQUEEMIS	5216274	30	0	Other	NULL	NULL	NULL
2015-09-30 00:00:00	PAIEMENTPARCARTE	CENTRELECLERCLEHON29/09	28	0	Food	NULL	NULL	NULL
2015-09-30 00:00:00	PAIEMENTPARCARTE	SFRCBONESHOTPUTEAUX28/09	48	0	Telephone	NULL	NULL	NULL
2015-09-29 00:00:00	FRAIS	OPERATIONETRANGER	0	0	Bank	NULL	NULL	NULL
2015-09-29 00:00:00	PAIEMENTPARCARTE	INTERMARCHETADEN28/09	13	0	Food	NULL	NULL	NULL
2015-09-29 00:00:00	PAIEMENTPARCARTE	SOMOBADACTADEN28/09	61	0	Transport	NULL	NULL	NULL
2015-09-29 00:00:00	PAIEMENTPARCARTE	DYN*DYN.COM/CHARGE603-66828/09	26	0	Other	NULL	NULL	NULL
2015-09-28 00:00:00	PRELEVEMENT	GAEL	1	0	Bank	NULL	NULL	NULL
2015-09-28 00:00:00	RETRAITAUDISTRIBUTEUR	LESNEVEN27/0911H24	60	0	Cash	NULL	NULL	NULL
2015-09-28 00:00:00	PAIEMENTPARCARTE	ANTYCOZPLOUGASTELDAOU26/09	23	0	Food	NULL	NULL	NULL
2015-09-28 00:00:00	PAIEMENTPARCARTE	CASTORAMABREST26/09	54	0	Home	NULL	NULL	NULL
2015-09-28 00:00:00	PAIEMENTPARCARTE	SMCASINOCS184LESNEVEN25/09	15	0	Food	NULL	NULL	NULL
2015-09-28 00:00:00	VIREMENTENVOTREFAVEUR	APOLOGICAPOLOGIC52671045180001	0	1825	Salary	NULL	NULL	NULL
2015-09-25 00:00:00	PAIEMENTPARCARTE	CARREFOURCITYDINAN24/09	10	0	Food	NULL	NULL	NULL
2015-09-24 00:00:00	PAIEMENTPARCARTE	INTERMARCHETADEN23/09	22	0	Food	NULL	NULL	NULL
2015-09-24 00:00:00	VIREMENTENVOTREFAVEUR	SUPPLETIS	0	800	Bank	NULL	NULL	NULL
2015-09-23 00:00:00	FRAIS	COMMISSIOND'INTERVENTION	8	0	Bank	NULL	NULL	NULL
2015-09-22 00:00:00	FRAIS	COMMISSIOND'INTERVENTION	24	0	Bank	NULL	NULL	NULL
2015-09-22 00:00:00	RETRAITAUDISTRIBUTEUR	DINAN21/0912H55	60	0	Cash	NULL	NULL	NULL
2015-09-21 00:00:00	PAIEMENTPARCARTE	CENTRELECLERCGUINGAMP18/09	6	0	Food	NULL	NULL	NULL
2015-09-21 00:00:00	PAIEMENTPARCARTE	SUPERU29PLOUGASTELDA19/09	7	0	Food	NULL	NULL	NULL
2015-09-21 00:00:00	PAIEMENTPARCARTE	SMCASINOCS184LESNEVEN19/09	21	0	Food	NULL	NULL	NULL
2015-09-21 00:00:00	PAIEMENTPARCARTE	GARAGEDEBELAIRLESNEVEN20/09	59	0	Toxics	NULL	NULL	NULL
2015-09-18 00:00:00	PRELEVEMENT	SUPPLETIS018506	90	0	Bank	NULL	NULL	NULL
2015-09-18 00:00:00	PAIEMENTPARCARTE	SUBWAY-TADEN17/09	8	0	Food	NULL	NULL	NULL
2015-09-18 00:00:00	PAIEMENTPARCARTE	CARREFOURCITYDINAN17/09	8	0	Food	NULL	NULL	NULL
2015-09-17 00:00:00	PAIEMENTPARCARTE	INTERMARCHETADEN16/09	5	0	Food	NULL	NULL	NULL
2015-09-16 00:00:00	PAIEMENTPARCARTE	GOURMETWOKTADEN15/09	17	0	Food	NULL	NULL	NULL
2015-09-16 00:00:00	PAIEMENTPARCARTE	INTERMARCHETADEN15/09	4	0	Food	NULL	NULL	NULL
2015-09-16 00:00:00	PAIEMENTPARCARTE	INTERMARCHETADEN15/09	14	0	Food	NULL	NULL	NULL
2015-09-14 00:00:00	RETRAITAUDISTRIBUTEUR	LESNEVEN12/0918H32	60	0	Cash	NULL	NULL	NULL
2015-09-14 00:00:00	PAIEMENTPARCARTE	SMCASINOCS184LESNEVEN11/09	7	0	Food	NULL	NULL	NULL
2015-09-14 00:00:00	PAIEMENTPARCARTE	CASINOCARBSS184LESNEVEN13/09	65	0	Food	NULL	NULL	NULL
2015-09-11 00:00:00	RETRAITAUDISTRIBUTEUR	DINAN10/0908H03	80	0	Cash	NULL	NULL	NULL
2015-09-10 00:00:00	PAIEMENTPARCARTE	DECATHLON0720TADEN09/09	19	0	Health	NULL	NULL	NULL
2015-09-10 00:00:00	PAIEMENTPARCARTE	CARREFOURCITYDINAN09/09	3	0	Food	NULL	NULL	NULL
2015-09-10 00:00:00	PAIEMENTPARCARTE	INTERMARCHETADEN09/09	8	0	Food	NULL	NULL	NULL
2015-09-09 00:00:00	PRELEVEMENT	PRETPERSONNEL018506	146	0	Debt	NULL	NULL	NULL
2015-09-09 00:00:00	PRELEVEMENT	PRETPERSONNEL018506	383	0	Debt	NULL	NULL	NULL
2015-09-09 00:00:00	PAIEMENTPARCARTE	CARREFOURCITYDINAN08/09	13	0	Food	NULL	NULL	NULL
2015-09-09 00:00:00	PAIEMENTPARCARTE	CARREFOURCITYDINAN08/09	7	0	Food	NULL	NULL	NULL
2015-09-09 00:00:00	PAIEMENTPARCARTE	MCDONALDQUEVERT08/09	7	0	Food	NULL	NULL	NULL
2015-09-09 00:00:00	PAIEMENTPARCARTE	TABACPRESSELOTODINAN08/09	71	0	Toxics	NULL	NULL	NULL
2015-09-08 00:00:00	PAIEMENTPARCARTE	SUBWAY-TADEN07/09	8	0	Food	NULL	NULL	NULL
2015-09-08 00:00:00	PAIEMENTPARCARTE	CARREFOURCITYDINAN07/09	8	0	Food	NULL	NULL	NULL
2015-09-07 00:00:00	FRAIS	OPERATIONETRANGER	0	0	Bank	NULL	NULL	NULL
2015-09-07 00:00:00	RETRAITAUDISTRIBUTEUR	LESNEVEN05/0914H15	60	0	Cash	NULL	NULL	NULL
2015-09-07 00:00:00	PAIEMENTPARCARTE	STYLECO7658LESNEVEN05/09	37	0	Toxics	NULL	NULL	NULL
2015-09-07 00:00:00	PAIEMENTPARCARTE	GOURMETWOKTADEN04/09	17	0	Food	NULL	NULL	NULL
2015-09-07 00:00:00	PAIEMENTPARCARTE	INTERMARCHETADEN04/09	7	0	Food	NULL	NULL	NULL
2015-09-07 00:00:00	PAIEMENTPARCARTE	INTERMARCHETADEN04/09	5	0	Food	NULL	NULL	NULL
2015-09-07 00:00:00	PAIEMENTPARCARTE	CDISCOUNTBORDEAUX04/09	14	0	Other	NULL	NULL	NULL
2015-09-07 00:00:00	PAIEMENTPARCARTE	CASINOCARBSS184LESNEVEN05/09	68	0	Food	NULL	NULL	NULL
2015-09-07 00:00:00	PAIEMENTPARCARTE	DYN*DYN.COM/CHARGE603-66806/09	26	0	Other	NULL	NULL	NULL
2015-09-07 00:00:00	WEBCOMPTEJOINTCMB	VIREMENTEMIS	650	0	Cmb	NULL	NULL	NULL
2015-09-04 00:00:00	PAIEMENTPARCARTE	INTERMARCHETADEN03/09	9	0	Food	NULL	NULL	NULL
2015-09-03 00:00:00	FRAIS	OPERATIONETRANGER	1	0	Bank	NULL	NULL	NULL
2015-09-03 00:00:00	PAIEMENTPARCARTE	INTERMARCHETADEN02/09	6	0	Food	NULL	NULL	NULL
2015-09-03 00:00:00	PAIEMENTPARCARTE	DYN*DYN.COM/CHARGE603-66802/09	35	0	Other	NULL	NULL	NULL
2015-09-02 00:00:00	RETRAITAUDISTRIBUTEUR	DINAN01/0907H59	80	0	Cash	NULL	NULL	NULL
2015-09-01 00:00:00	COTISATION	COMPTESERVICEOPTION2	6	0	Bank	NULL	NULL	NULL
2015-09-01 00:00:00	PAIEMENTPARCARTE	CAMPINGMPALDINAN31/08	39	0	Rent	NULL	NULL	NULL
2015-09-01 00:00:00	PAIEMENTPARCARTE	CARREFOURCITYDINAN31/08	6	0	Food	NULL	NULL	NULL
2015-08-31 00:00:00	CHEQUEEMIS	5216271	65	0	Other	NULL	NULL	NULL
2015-08-28 00:00:00	PRELEVEMENT	GAEL	1	0	Bank	NULL	NULL	NULL
2015-08-27 00:00:00	COTISATION	CARTEGOLDDITWINDUAL	80	0	Bank	NULL	NULL	NULL
2015-08-27 00:00:00	FRAIS	COMMISSIOND'INTERVENTION	24	0	Bank	NULL	NULL	NULL
2015-08-27 00:00:00	VIREMENTENVOTREFAVEUR	APOLOGICAPOLOGIC52371128200001	0	2489	Salary	NULL	NULL	NULL
2015-08-26 00:00:00	FRAIS	COMMISSIOND'INTERVENTION	24	0	Bank	NULL	NULL	NULL
2015-08-26 00:00:00	PAIEMENTPARCARTE	INTERMARCHETADEN25/08	13	0	Food	NULL	NULL	NULL
2015-08-26 00:00:00	PAIEMENTPARCARTE	SFRCBONESHOTPUTEAUX24/08	46	0	Telephone	NULL	NULL	NULL
2015-08-26 00:00:00	PAIEMENTPARCARTE	SFRCBONESHOTPUTEAUX24/08	50	0	Telephone	NULL	NULL	NULL
2015-08-25 00:00:00	RETRAITAUDISTRIBUTEUR	DINAN24/0817H52	80	0	Cash	NULL	NULL	NULL
2015-08-25 00:00:00	PAIEMENTPARCARTE	CAMPINGMPALDINAN24/08	39	0	Rent	NULL	NULL	NULL
2015-08-25 00:00:00	PAIEMENTPARCARTE	TABACPRESSELOTODINAN24/08	70	0	Toxics	NULL	NULL	NULL
2015-08-24 00:00:00	RETRAITAUDISTRIBUTEUR	DINANINTERMARCH21/0813H46	60	0	Cash	NULL	NULL	NULL
2015-08-24 00:00:00	RETRAITAUDISTRIBUTEUR	06301BRESTSIAM21/0818H08	60	0	Cash	NULL	NULL	NULL
2015-08-24 00:00:00	PAIEMENTPARCARTE	SOMOBADACTADEN21/08	64	0	Transport	NULL	NULL	NULL
2015-08-24 00:00:00	PAIEMENTPARCARTE	SMCASINOCS184LESNEVEN22/08	17	0	Food	NULL	NULL	NULL
2015-08-20 00:00:00	RETRAITAUDISTRIBUTEUR	DINAN19/0818H11	80	0	Cash	NULL	NULL	NULL
2015-08-19 00:00:00	PAIEMENTPARCARTE	CAMPINGMPALDINAN17/08	39	0	Rent	NULL	NULL	NULL
2015-08-19 00:00:00	PAIEMENTPARCARTE	KARINECOIFFUREDINAN18/08	17	0	Health	NULL	NULL	NULL
2015-08-19 00:00:00	PAIEMENTPARCARTE	INTERMARCHETADEN18/08	6	0	Food	NULL	NULL	NULL
2015-08-18 00:00:00	PRELEVEMENT	SUPPLETIS018506	90	0	Bank	NULL	NULL	NULL
2015-08-17 00:00:00	RETRAITAUDISTRIBUTEUR	LESNEVEN15/0815H43	80	0	Cash	NULL	NULL	NULL
2015-08-17 00:00:00	PAIEMENTPARCARTE	SMCASINOCS184LESNEVEN15/08	10	0	Food	NULL	NULL	NULL
2015-08-14 00:00:00	RETRAITAUDISTRIBUTEUR	DINANINTERMARCH13/0812H56	60	0	Cash	NULL	NULL	NULL
2015-08-14 00:00:00	CHEQUEEMIS	5216276	16	0	Other	NULL	NULL	NULL
2015-08-11 00:00:00	RETRAITAUDISTRIBUTEUR	DINANINTERMARCH10/0813H11	60	0	Cash	NULL	NULL	NULL
2015-08-11 00:00:00	PAIEMENTPARCARTE	CAMPINGMPALDINAN10/08	39	0	Rent	NULL	NULL	NULL
2015-08-11 00:00:00	PAIEMENTPARCARTE	CARREFOURCITYDINAN10/08	12	0	Food	NULL	NULL	NULL
2015-08-10 00:00:00	PAIEMENTPARCARTE	SMCASINOCS184LESNEVEN07/08	10	0	Food	NULL	NULL	NULL
2015-08-10 00:00:00	PAIEMENTPARCARTE	SOMOBASTATIONTADEN07/08	52	0	Energy	NULL	NULL	NULL
2015-08-07 00:00:00	PRELEVEMENT	PRETPERSONNEL018506	146	0	Debt	NULL	NULL	NULL
2015-08-07 00:00:00	PRELEVEMENT	PRETPERSONNEL018506	383	0	Debt	NULL	NULL	NULL
2015-08-06 00:00:00	RETRAITAUDISTRIBUTEUR	DINAN05/0818H39	80	0	Cash	NULL	NULL	NULL
2015-08-06 00:00:00	PAIEMENTPARCARTE	LE1DELAPLACEDINAN05/08	58	0	Toxics	NULL	NULL	NULL
2015-08-06 00:00:00	PAIEMENTPARCARTE	LE40BOULEVARD-01QUEVERT05/08	6	0	Toxics	NULL	NULL	NULL
2015-08-05 00:00:00	PAIEMENTPARCARTE	SUBWAY-TADEN04/08	8	0	Food	NULL	NULL	NULL
2015-08-05 00:00:00	PAIEMENTPARCARTE	INTERMARCHETADEN04/08	15	0	Food	NULL	NULL	NULL
2015-08-05 00:00:00	WEBCOMPTEJOINTCMB	VIREMENTEMIS	650	0	Cmb	NULL	NULL	NULL
2015-08-04 00:00:00	PAIEMENTPARCARTE	SUBWAY-TADEN03/08	8	0	Food	NULL	NULL	NULL
2015-08-04 00:00:00	PAIEMENTPARCARTE	CAMPINGMPALDINAN03/08	39	0	Rent	NULL	NULL	NULL
2015-08-04 00:00:00	PAIEMENTPARCARTE	CARREFOURCITYDINAN03/08	8	0	Food	NULL	NULL	NULL
2015-08-04 00:00:00	PAIEMENTPARCARTE	INTERMARCHETADEN03/08	6	0	Food	NULL	NULL	NULL
2015-08-03 00:00:00	COTISATION	COMPTESERVICEOPTION2	6	0	Bank	NULL	NULL	NULL
2015-08-03 00:00:00	PAIEMENTPARCARTE	UTILELESNEVENSTMEEN01/08	30	0	Toxics	NULL	NULL	NULL
2015-08-03 00:00:00	PAIEMENTPARCARTE	CELIOLESNEVEN01/08	89	0	Toxics	NULL	NULL	NULL
2015-08-03 00:00:00	PAIEMENTPARCARTE	CACHECACHELESNEVEN01/08	57	0	Toxics	NULL	NULL	NULL
2015-08-03 00:00:00	PAIEMENTPARCARTE	INTERMARCHETADEN31/07	22	0	Food	NULL	NULL	NULL
2015-07-30 00:00:00	PRELEVEMENT	GAEL	1	0	Bank	NULL	NULL	NULL
2015-07-30 00:00:00	RETRAITAUDISTRIBUTEUR	DINAN29/0720H57	60	0	Cash	NULL	NULL	NULL
2015-07-29 00:00:00	PAIEMENTPARCARTE	CAMPINGMPALDINAN28/07	29	0	Rent	NULL	NULL	NULL
2015-07-29 00:00:00	PAIEMENTPARCARTE	LESVOYAGEURSDINAN28/07	17	0	Toxics	NULL	NULL	NULL
2015-07-28 00:00:00	PRELEVEMENT	SUPPLETIS018506	97	0	Bank	NULL	NULL	NULL
2015-07-28 00:00:00	PAIEMENTPARCARTE	STATIONU29LANDIVISIAU27/07	66	0	Energy	NULL	NULL	NULL
2015-07-28 00:00:00	PAIEMENTPARCARTE	INTERHOTELTADEN27/07	76	0	Rent	NULL	NULL	NULL
2015-07-28 00:00:00	PAIEMENTPARCARTE	CARREFOURMARKETQUEVERT27/07	26	0	Food	NULL	NULL	NULL
2015-07-27 00:00:00	RETRAITAUDISTRIBUTEUR	06323LESNEVEN25/0716H00	60	0	Cash	NULL	NULL	NULL
2015-07-27 00:00:00	PAIEMENTPARCARTE	PHARMACIEROUDALESNEVEN25/07	5	0	Toxics	NULL	NULL	NULL
2015-07-27 00:00:00	PAIEMENTPARCARTE	MARIEMARIELESNEVEN25/07	96	0	Toxics	NULL	NULL	NULL
2015-07-27 00:00:00	PAIEMENTPARCARTE	LIDAHOLESNEVEN25/07	73	0	Toxics	NULL	NULL	NULL
2015-07-23 00:00:00	RETRAITAUDISTRIBUTEUR	DABBRESTST-MARC23/0716H59	100	0	Cash	NULL	NULL	NULL
2015-07-23 00:00:00	BIRRIENDENISE	VIREMENTENVOTREFAVEUR	0	5000	Sponsors	NULL	NULL	NULL
2015-07-22 00:00:00	RETROATITRECOMMERCIAL	COMMISSIOND'INTERVENTION	0	8	Bank	NULL	NULL	NULL
2015-07-22 00:00:00	FRAIS	COMMISSIOND'INTERVENTION	8	0	Bank	NULL	NULL	NULL
2015-07-21 00:00:00	RETROATITRECOMMERCIAL	COMMISSIOND'INTERVENTION	0	8	Bank	NULL	NULL	NULL
2015-07-21 00:00:00	FRAIS	LETTREINFOCPTDEBITNONAUTOR	14	0	Car	NULL	NULL	NULL
2015-07-21 00:00:00	FRAIS	COMMISSIOND'INTERVENTION	8	0	Bank	NULL	NULL	NULL
2015-07-21 00:00:00	FRAIS	PRELEVEMENTIMPAYE	12	0	Bank	NULL	NULL	NULL
2015-07-21 00:00:00	CRCAMDUFINISTERE	PRELEVMNT	6	0	Bank	NULL	NULL	NULL
2015-07-21 00:00:00	REJET	PRLVSUPPLETIS	0	90	Bank	NULL	NULL	NULL
2015-07-20 00:00:00	RETROATITRECOMMERCIAL	COMMISSIOND'INTERVENTION	0	8	Bank	NULL	NULL	NULL
2015-07-20 00:00:00	FRAIS	COMMISSIOND'INTERVENTION	8	0	Bank	NULL	NULL	NULL
2015-07-20 00:00:00	CMB-Commun	F COTISATION EUROCOMPTE 	82	0	Cmb	NULL	NULL	NULL
2015-07-18 00:00:00	REJET	PRLVSFR	0	46	Telephone	NULL	NULL	NULL
2015-07-17 00:00:00	SFR	PRELEVMNT	46	0	Telephone	NULL	NULL	NULL
2015-07-17 00:00:00	RETROATITRECOMMERCIAL	COMMISSIOND'INTERVENTION	0	8	Bank	NULL	NULL	NULL
2015-07-17 00:00:00	FRAIS	COMMISSIOND'INTERVENTION	8	0	Bank	NULL	NULL	NULL
2015-07-17 00:00:00	PRELEVEMENT	SUPPLETIS018506	90	0	Bank	NULL	NULL	NULL
2015-07-16 00:00:00	RETRAITAUDISTRIBUTEUR	LESNEVEN15/0715H16	60	0	Cash	NULL	NULL	NULL
2015-07-15 00:00:00	RETROATITRECOMMERCIAL	COMMISSIOND'INTERVENTION	0	16	Bank	NULL	NULL	NULL
2015-07-15 00:00:00	FRAIS	COMMISSIOND'INTERVENTION	16	0	Bank	NULL	NULL	NULL
2015-07-15 00:00:00	CMB-Commun	CARTE 14/07 OSAKA BREST 	10	0	Cmb	NULL	NULL	NULL
2015-07-13 00:00:00	FRAIS	COMMISSIOND'INTERVENTION	24	0	Bank	NULL	NULL	NULL
2015-07-13 00:00:00	SFRFIXEADSL	PRELEVMNT	38	0	Telephone	NULL	NULL	NULL
2015-07-13 00:00:00	RETRAITAUDISTRIBUTEUR	LESNEVEN12/0709H40	60	0	Cash	NULL	NULL	NULL
2015-07-13 00:00:00	CMB-Commun	PRLV EDF clients particuliers 	0	-110	Cmb	NULL	NULL	NULL
2015-07-13 00:00:00	CMB-Commun	CARTE 11/07 COTES DES LEGEND LE FOLGOET 	98	-103	Cmb	NULL	NULL	NULL
2015-07-10 00:00:00	FRAIS	COMMISSIOND'INTERVENTION	8	0	Bank	NULL	NULL	NULL
2015-07-10 00:00:00	RETRAITAUDISTRIBUTEUR	LESNEVEN09/0716H01	60	0	Cash	NULL	NULL	NULL
2015-07-10 00:00:00	CMB-Commun	INT DEB FORFAIT R313-4 TRIM 02 	0	0	Cmb	NULL	NULL	NULL
2015-07-09 00:00:00	PRELEVEMENT	PRETPERSONNEL018506	146	0	Debt	NULL	NULL	NULL
2015-07-09 00:00:00	PRELEVEMENT	PRETPERSONNEL018506	383	0	Debt	NULL	NULL	NULL
2015-07-09 00:00:00	RETRAITAUDISTRIBUTEUR	LESNEVEN08/0709H20	60	0	Cash	NULL	NULL	NULL
2015-07-08 00:00:00	FRAIS	COMMISSIOND'INTERVENTION	8	0	Bank	NULL	NULL	NULL
2015-07-08 00:00:00	CMB-Commun	VIR KERDRAON FREDERIC 	0	650	Cmb	NULL	NULL	NULL
2015-07-07 00:00:00	FRAIS	COMMISSIOND'INTERVENTION	24	0	Bank	NULL	NULL	NULL
2015-07-07 00:00:00	B-PREDICA	PRELEVMNT	4	0	Bank	NULL	NULL	NULL
2015-07-06 00:00:00	FRAIS	COMMISSIOND'INTERVENTION	16	0	Bank	NULL	NULL	NULL
2015-07-06 00:00:00	MMAIARDSA	PRELEVMNT	101	0	Bank	NULL	NULL	NULL
2015-07-06 00:00:00	PAIEMENTPARCARTE	CASINOCARBSS184LESNEVEN04/07	8	0	Food	NULL	NULL	NULL
2015-07-06 00:00:00	WEBCOMPTEJOINTCMB	VIREMENTEMIS	650	0	Cmb	NULL	NULL	NULL
2015-07-05 00:00:00	CMB-Commun	VIR vers M ou Mme Loaec 	0	-670	Cmb	NULL	NULL	NULL
2015-07-04 00:00:00	CMB-Commun	CARTE 02/07 E.LECLERC LANDERNEAU CED 	8	-143	Cmb	NULL	NULL	NULL
2015-07-03 00:00:00	RETRAITAUDISTRIBUTEUR	DAB1DINANLEHO02/0715H01	60	0	Cash	NULL	NULL	NULL
2015-07-03 00:00:00	PAIEMENTPARCARTE	CARREFMARKETDACQUEVERT02/07	69	0	Toxics	NULL	NULL	NULL
2015-07-03 00:00:00	CMB-Commun	VIR du COMPTE CHEQUES 1 	0	650	Cmb	NULL	NULL	NULL
2015-07-02 00:00:00	FRAIS	INTDEB2TRIM15TAEG=17,62%	18	0	Bank	NULL	NULL	NULL
2015-07-01 00:00:00	COTISATION	COMPTESERVICEOPTION2	6	0	Bank	NULL	NULL	NULL
2015-07-01 00:00:00	RETRAITAUDISTRIBUTEUR	LESNEVEN30/0611H36	80	0	Cash	NULL	NULL	NULL
2015-06-29 00:00:00	PRELEVEMENT	GAEL	1	0	Bank	NULL	NULL	NULL
2015-06-29 00:00:00	CRCAMDUFINISTERE	PRELEVMNT	14	0	Bank	NULL	NULL	NULL
2015-06-29 00:00:00	RETRAITAUDISTRIBUTEUR	LESNEVEN26/0616H36	60	0	Cash	NULL	NULL	NULL
2015-06-25 00:00:00	PAIEMENTPARCARTE	UEXPRESS29BREST24/06	12	0	Toxics	NULL	NULL	NULL
2015-06-24 00:00:00	CMB-Commun	CARTE 23/06 E.LECLERC LANDERNEAU CED 	81	-126	Cmb	NULL	NULL	NULL
2015-06-22 00:00:00	CRCAMDUFINISTERE	PRELEVMNT	6	0	Bank	NULL	NULL	NULL
2015-06-22 00:00:00	PAIEMENTPARCARTE	SMCASINOCS184LESNEVEN19/06	15	0	Food	NULL	NULL	NULL
2015-06-22 00:00:00	CMB-Commun	CARTE 21/06 SUBWAY MORLAIX 	10	0	Cmb	NULL	NULL	NULL
2015-06-22 00:00:00	CMB-Commun	CARTE 20/06 SM CASINO CS184 LESNEVEN 	73	0	Cmb	NULL	NULL	NULL
2015-06-21 00:00:00	RETRAITAUDISTRIBUTEUR	MORLAIXCARNOTGD21/0619H27	80	0	Cash	NULL	NULL	NULL
2015-06-19 00:00:00	CMB-Commun	CARTE 18/06 KING SIZE PIZZA LESNEVEN 	0	0	Cmb	NULL	NULL	NULL
2015-06-18 00:00:00	PRELEVEMENT	SUPPLETIS018506	100	0	Bank	NULL	NULL	NULL
2015-06-16 00:00:00	RETRAITAUDISTRIBUTEUR	LESNEVEN15/0614H07	80	0	Cash	NULL	NULL	NULL
2015-06-16 00:00:00	PAIEMENTPARCARTE	LECLERCLEFOLGOET15/06	16	0	Food	NULL	NULL	NULL
2015-06-15 00:00:00	SFR	PRELEVMNT	45	0	Telephone	NULL	NULL	NULL
2015-06-15 00:00:00	SFRFIXEADSL	PRELEVMNT	28	0	Telephone	NULL	NULL	NULL
2015-06-12 00:00:00	PAIEMENTPARCARTE	SMCASINOCS184LESNEVEN11/06	16	0	Food	NULL	NULL	NULL
2015-06-11 00:00:00	PAIEMENTPARCARTE	CASINOCARBSS184LESNEVEN10/06	70	0	Food	NULL	NULL	NULL
2015-06-11 00:00:00	CMB-Commun	PRLV EDF clients particuliers 	0	-110	Cmb	NULL	NULL	NULL
2015-06-11 00:00:00	CMB-Commun	F COTISATION EUROCOMPTE 	78	0	Cmb	NULL	NULL	NULL
2015-06-10 00:00:00	PAIEMENTPARCARTE	SUPERU29PLOUGASTELDA09/06	21	0	Food	NULL	NULL	NULL
2015-06-10 00:00:00	CMB-Commun	CARTE 09/06 CENTRE E.LECLER ST THONAN 	74	0	Cmb	NULL	NULL	NULL
2015-06-09 00:00:00	PRELEVEMENT	PRETPERSONNEL018506	146	0	Debt	NULL	NULL	NULL
2015-06-09 00:00:00	PRELEVEMENT	PRETPERSONNEL018506	383	0	Debt	NULL	NULL	NULL
2015-06-09 00:00:00	B-PREDICA	PRELEVMNT	4	0	Bank	NULL	NULL	NULL
2015-06-08 00:00:00	RETRAITAUDISTRIBUTEUR	BREST05/0617H08	80	0	Cash	NULL	NULL	NULL
2015-06-08 00:00:00	RETRAITAUDISTRIBUTEUR	STMARCBREST207/0611H48	60	0	Cash	NULL	NULL	NULL
2015-06-08 00:00:00	CMB-Commun	CARTE 07/06 E.LECLERC LANDERNEAU CED 	6	0	Cmb	NULL	NULL	NULL
2015-06-05 00:00:00	MMAIARDSA	PRELEVMNT	101	0	Bank	NULL	NULL	NULL
2015-06-05 00:00:00	EDFclientsparticuliers	PRELEVMNT	35	0	Energy	NULL	NULL	NULL
2015-06-05 00:00:00	PAIEMENTPARCARTE	LEONVOLLESNEVEN04/06	23	0	Toxics	NULL	NULL	NULL
2015-06-05 00:00:00	WEBCOMPTEJOINTCMB	VIREMENTEMIS	650	0	Cmb	NULL	NULL	NULL
2015-06-05 00:00:00	CMB-Commun	VIR KERDRAON FREDERIC 	0	650	Cmb	NULL	NULL	NULL
2015-06-05 00:00:00	CMB-Commun	VIR vers M ou Mme Loaec 	0	-670	Cmb	NULL	NULL	NULL
2015-06-04 00:00:00	PAIEMENTPARCARTE	SMCASINOCS184LESNEVEN03/06	16	0	Food	NULL	NULL	NULL
2015-06-03 00:00:00	CMB-Commun	VIR du COMPTE CHEQUES 1 	0	650	Cmb	NULL	NULL	NULL
2015-06-02 00:00:00	PAIEMENTPARCARTE	SMCASINOCS184LESNEVEN01/06	15	0	Food	NULL	NULL	NULL
2015-06-02 00:00:00	INTERETSCREDITEURS	PARTSSOCLANDERNEAU	0	0	Other	NULL	NULL	NULL
2015-06-01 00:00:00	COTISATION	COMPTESERVICEOPTION2	6	0	Bank	NULL	NULL	NULL
2015-06-01 00:00:00	RETRAITAUDISTRIBUTEUR	LESNEVEN29/0517H41	80	0	Cash	NULL	NULL	NULL
2015-06-01 00:00:00	PAIEMENTPARCARTE	STELOIAUTOPLOUDANIEL29/05	280	0	Car	NULL	NULL	NULL
2015-06-01 00:00:00	PAIEMENTPARCARTE	SMCASINOCS184LESNEVEN29/05	14	0	Food	NULL	NULL	NULL
2015-06-01 00:00:00	PAIEMENTPARCARTE	REL.COTESLEGENDPLOUDANIE29/05	15	0	Toxics	NULL	NULL	NULL
2015-05-28 00:00:00	CRCAMDUFINISTERE	PRELEVMNT	14	0	Bank	NULL	NULL	NULL
2015-05-28 00:00:00	RETRAITAUDISTRIBUTEUR	BREST27/0517H38	50	0	Cash	NULL	NULL	NULL
2015-05-27 00:00:00	PRELEVEMENT	GAEL	1	0	Bank	NULL	NULL	NULL
2015-05-27 00:00:00	RETRAITAUDISTRIBUTEUR	BRESTCEDEX24/0510H54	100	0	Cash	NULL	NULL	NULL
2015-05-26 00:00:00	RETRAITAUDISTRIBUTEUR	BRESTSIAMSTLOUIS26/0517H14	80	0	Cash	NULL	NULL	NULL
2015-05-22 00:00:00	RETRAITAUDISTRIBUTEUR	LESNEVEN221/0516H33	100	0	Cash	NULL	NULL	NULL
2015-05-22 00:00:00	CMB-Commun	CARTE 21/05 E.LECLERC LANDERNEAU CED 	58	0	Cmb	NULL	NULL	NULL
2015-05-21 00:00:00	CRCAMDUFINISTERE	PRELEVMNT	6	0	Bank	NULL	NULL	NULL
2015-05-21 00:00:00	PAIEMENTPARCARTE	KINGSIZEPIZZALESNEVEN20/05	14	0	Food	NULL	NULL	NULL
2015-05-20 00:00:00	SFR	PRELEVMNT	80	0	Telephone	NULL	NULL	NULL
2015-05-20 00:00:00	PAIEMENTPARCARTE	CASINOCARBSS184LESNEVEN19/05	70	0	Food	NULL	NULL	NULL
2015-05-19 00:00:00	PAIEMENTPARCARTE	AVELBREIZHLERELECQKERH18/05	9	0	Toxics	NULL	NULL	NULL
2015-05-19 00:00:00	PAIEMENTPARCARTE	SUPERU29PLOUGASTELDA18/05	11	0	Food	NULL	NULL	NULL
2015-05-18 00:00:00	PRELEVEMENT	SUPPLETIS018506	100	0	Bank	NULL	NULL	NULL
2015-05-18 00:00:00	PAIEMENTPARCARTE	AUGRAINDESELLESNEVEN16/05	44	0	Toxics	NULL	NULL	NULL
2015-05-16 00:00:00	CHEQUEEMIS	5216273/0000000/000000000	180	0	Other	NULL	NULL	NULL
2015-05-16 00:00:00	CMB-Commun	CARTE 15/05 CENTRE LECLERC GOUESNOU 	41	-104	Cmb	NULL	NULL	NULL
2015-05-13 00:00:00	RETRAITAUDISTRIBUTEUR	06304BRESTKERB12/0510H23	60	0	Cash	NULL	NULL	NULL
2015-05-12 00:00:00	PAIEMENTPARCARTE	LECLERCLEFOLGOET11/05	10	0	Food	NULL	NULL	NULL
2015-05-12 00:00:00	CMB-Commun	PRLV EDF clients particuliers 	0	-110	Cmb	NULL	NULL	NULL
2015-05-11 00:00:00	SFRFIXEADSL	PRELEVMNT	36	0	Telephone	NULL	NULL	NULL
2015-05-11 00:00:00	PAIEMENTPARCARTE	SMCASINOCS184LESNEVEN07/05	33	0	Food	NULL	NULL	NULL
2015-05-11 00:00:00	PAIEMENTPARCARTE	LEPENALTYBREST08/05	70	0	Toxics	NULL	NULL	NULL
2015-05-11 00:00:00	CMB-Commun	F COTISATION EUROCOMPTE 	78	0	Cmb	NULL	NULL	NULL
2015-05-11 00:00:00	CMB-Commun	CARTE 09/05 SM CASINO CS184 LESNEVEN 	22	0	Cmb	NULL	NULL	NULL
2015-05-09 00:00:00	CMB-Commun	CARTE 08/05 ASIE D OR QUIMPER 	88	0	Cmb	NULL	NULL	NULL
2015-05-07 00:00:00	PRELEVEMENT	PRETPERSONNEL018506	146	0	Debt	NULL	NULL	NULL
2015-05-07 00:00:00	PRELEVEMENT	PRETPERSONNEL018506	383	0	Debt	NULL	NULL	NULL
2015-05-07 00:00:00	B-PREDICA	PRELEVMNT	4	0	Bank	NULL	NULL	NULL
2015-05-07 00:00:00	PAIEMENTPARCARTE	OSAKABREST06/05	44	0	Food	NULL	NULL	NULL
2015-05-06 00:00:00	EDFclientsparticuliers	PRELEVMNT	35	0	Energy	NULL	NULL	NULL
2015-05-06 00:00:00	PAIEMENTPARCARTE	SMCASINOCS184LESNEVEN05/05	14	0	Food	NULL	NULL	NULL
2015-05-05 00:00:00	MMAIARDSA	PRELEVMNT	101	0	Bank	NULL	NULL	NULL
2015-05-05 00:00:00	DOSSIERFAMILIAL	PRELEVMNT	10	0	Other	NULL	NULL	NULL
2015-05-05 00:00:00	PAIEMENTPARCARTE	SMCASINOCS184LESNEVEN04/05	12	0	Food	NULL	NULL	NULL
2015-05-05 00:00:00	PAIEMENTPARCARTE	SIMONPLANTESPLOUDANIEL04/05	12	0	Other	NULL	NULL	NULL
2015-05-05 00:00:00	WEBCOMPTEJOINTCMB	VIREMENTEMIS	650	0	Cmb	NULL	NULL	NULL
2015-05-05 00:00:00	CMB-Commun	VIR KERDRAON FREDERIC 	0	650	Cmb	NULL	NULL	NULL
2015-05-05 00:00:00	CMB-Commun	VIR vers M ou Mme Loaec 	0	-670	Cmb	NULL	NULL	NULL
2015-05-04 00:00:00	COTISATION	COMPTESERVICEOPTION2	6	0	Bank	NULL	NULL	NULL
2015-05-04 00:00:00	RETRAITAUDISTRIBUTEUR	LESNEVEN30/0415H18	100	0	Cash	NULL	NULL	NULL
2015-05-04 00:00:00	RETRAITAUDISTRIBUTEUR	06323LESNEVEN02/0514H25	60	0	Cash	NULL	NULL	NULL
2015-05-04 00:00:00	PAIEMENTPARCARTE	UEXPRESS29BREST30/04	18	0	Toxics	NULL	NULL	NULL
2015-05-04 00:00:00	VIREMENTENVOTREFAVEUR	POLEEMPLOIBRETAGNE15119758655	0	2264	Salary	NULL	NULL	NULL
2015-05-04 00:00:00	CMB-Commun	CARTE 02/05 SM CASINO CS184 LESNEVEN 	39	0	Cmb	NULL	NULL	NULL
2015-05-04 00:00:00	CMB-Commun	CARTE 02/05 LECLERC LE FOLGOET 	7	0	Cmb	NULL	NULL	NULL
2015-05-03 00:00:00	CMB-Commun	VIR du COMPTE CHEQUES 1 	0	650	Cmb	NULL	NULL	NULL
2015-04-29 00:00:00	PRELEVEMENT	GAEL	1	0	Bank	NULL	NULL	NULL
2015-04-29 00:00:00	VIREMENTENVOTREFAVEUR	MMAIARD150526001061511812371	0	6	Other	NULL	NULL	NULL
2015-04-28 00:00:00	CRCAMDUFINISTERE	PRELEVMNT	14	0	Bank	NULL	NULL	NULL
2015-04-27 00:00:00	SFRFIXEADSL	PRELEVMNT	38	0	Telephone	NULL	NULL	NULL
2015-04-27 00:00:00	SFR	PRELEVMNT	44	0	Telephone	NULL	NULL	NULL
2015-04-27 00:00:00	VIREMENTENVOTREFAVEUR	C.P.A.M.FINISTERE151140003325	0	11	Other	NULL	NULL	NULL
2015-04-27 00:00:00	CMB-Commun	CARTE 26/04 E.LECLERC LANDERNEAU CED 	21	0	Cmb	NULL	NULL	NULL
2015-04-26 00:00:00	CMB-Commun	VIR du COMPTE CHEQUES 1 	0	10	Cmb	NULL	NULL	NULL
2015-04-24 00:00:00	BIRRIENDENISE	VIREMENTENVOTREFAVEUR	0	4000	Sponsors	NULL	NULL	NULL
2015-04-22 00:00:00	RETROATITRECOMMERCIAL	COMMISSIOND'INTERVENTION	0	8	Bank	NULL	NULL	NULL
2015-04-22 00:00:00	FRAIS	COMMISSIOND'INTERVENTION	8	0	Bank	NULL	NULL	NULL
2015-04-21 00:00:00	RETROATITRECOMMERCIAL	COMMISSIOND'INTERVENTION	0	16	Bank	NULL	NULL	NULL
2015-04-21 00:00:00	FRAIS	COMMISSIOND'INTERVENTION	16	0	Bank	NULL	NULL	NULL
2015-04-21 00:00:00	CRCAMDUFINISTERE	PRELEVMNT	6	0	Bank	NULL	NULL	NULL
2015-04-20 00:00:00	PAIEMENTPARCARTE	COMBOTCHRISTELLESNEVEN18/04	23	0	Toxics	NULL	NULL	NULL
2015-04-17 00:00:00	RETROATITRECOMMERCIAL	COMMISSIOND'INTERVENTION	0	8	Bank	NULL	NULL	NULL
2015-04-17 00:00:00	FRAIS	COMMISSIOND'INTERVENTION	8	0	Bank	NULL	NULL	NULL
2015-04-17 00:00:00	FRAIS	PRELEVEMENTIMPAYE	12	0	Bank	NULL	NULL	NULL
2015-04-17 00:00:00	PRELEVEMENT	SUPPLETIS018506	100	0	Bank	NULL	NULL	NULL
2015-04-17 00:00:00	VIREMENTENVOTREFAVEUR	MMAIARD150472201061510633960	0	54	Other	NULL	NULL	NULL
2015-04-16 00:00:00	RETROATITRECOMMERCIAL	COMMISSIOND'INTERVENTION	0	8	Bank	NULL	NULL	NULL
2015-04-16 00:00:00	FRAIS	COMMISSIOND'INTERVENTION	16	0	Bank	NULL	NULL	NULL
2015-04-16 00:00:00	REJET	PRLVSFR	0	44	Telephone	NULL	NULL	NULL
2015-04-16 00:00:00	REJET	PRLVSFRFIXEADSL	0	38	Telephone	NULL	NULL	NULL
2015-04-16 00:00:00	PAIEMENTPARCARTE	SMCASINOCS184LESNEVEN15/04	10	0	Food	NULL	NULL	NULL
2015-04-15 00:00:00	FRAIS	COMMISSIOND'INTERVENTION	8	0	Bank	NULL	NULL	NULL
2015-04-15 00:00:00	SFR	PRELEVMNT	44	0	Telephone	NULL	NULL	NULL
2015-04-15 00:00:00	SFRFIXEADSL	PRELEVMNT	38	0	Telephone	NULL	NULL	NULL
2015-04-15 00:00:00	CMB-Commun	VIR du COMPTE CHEQUES 1 	0	92	Cmb	NULL	NULL	NULL
2015-04-14 00:00:00	FRAIS	COMMISSIOND'INTERVENTION	16	0	Bank	NULL	NULL	NULL
2015-04-14 00:00:00	PAIEMENTPARCARTE	SUPERU29PLOUGASTELDA13/04	12	0	Food	NULL	NULL	NULL
2015-04-14 00:00:00	CMB-Commun	F COTISATION EUROCOMPTE 	78	0	Cmb	NULL	NULL	NULL
2015-04-14 00:00:00	CMB-Commun	CARTE 13/04 SM CASINO CS184 LESNEVEN 	59	-103	Cmb	NULL	NULL	NULL
2015-04-13 00:00:00	FRAIS	COMMISSIOND'INTERVENTION	24	0	Bank	NULL	NULL	NULL
2015-04-13 00:00:00	RETRAITAUDISTRIBUTEUR	LESNEVEN10/0409H21	60	0	Cash	NULL	NULL	NULL
2015-04-13 00:00:00	PAIEMENTPARCARTE	MAGVERT374LESNEVEN11/04	20	0	Home	NULL	NULL	NULL
2015-04-13 00:00:00	CMB-Commun	PRLV EDF clients particuliers 	0	-110	Cmb	NULL	NULL	NULL
2015-04-13 00:00:00	CMB-Commun	CARTE 11/04 LECLERC LE FOLGOET 	68	-141	Cmb	NULL	NULL	NULL
2015-04-10 00:00:00	FRAIS	COMMISSIOND'INTERVENTION	8	0	Bank	NULL	NULL	NULL
2015-04-10 00:00:00	PAIEMENTPARCARTE	MAGVERT374LESNEVEN09/04	49	0	Home	NULL	NULL	NULL
2015-04-10 00:00:00	PAIEMENTPARCARTE	SSBHOLLANDDRONKERS.BIZ09/04	41	0	Other	NULL	NULL	NULL
2015-04-10 00:00:00	CMB-Commun	INT DEB FORFAIT R313-4 TRIM 01 	0	0	Cmb	NULL	NULL	NULL
2015-04-09 00:00:00	PRELEVEMENT	PRETPERSONNEL018506	146	0	Debt	NULL	NULL	NULL
2015-04-09 00:00:00	PRELEVEMENT	PRETPERSONNEL018506	383	0	Debt	NULL	NULL	NULL
2015-04-09 00:00:00	RETRAITAUDISTRIBUTEUR	LESNEVEN08/0414H51	80	0	Cash	NULL	NULL	NULL
2015-04-09 00:00:00	PAIEMENTPARCARTE	MCDONALD'SBREST08/04	12	0	Food	NULL	NULL	NULL
2015-04-09 00:00:00	PAIEMENTPARCARTE	LIDAHOLESNEVEN08/04	70	0	Toxics	NULL	NULL	NULL
2015-04-09 00:00:00	PAIEMENTPARCARTE	CARREFOURBREST08/04	40	0	Food	NULL	NULL	NULL
2015-04-08 00:00:00	B-PREDICA	PRELEVMNT	4	0	Bank	NULL	NULL	NULL
2015-04-07 00:00:00	MMAIARDSA	PRELEVMNT	101	0	Bank	NULL	NULL	NULL
2015-04-07 00:00:00	EDFclientsparticuliers	PRELEVMNT	35	0	Energy	NULL	NULL	NULL
2015-04-07 00:00:00	PAIEMENTPARCARTE	LESIAMBREST04/04	21	0	Toxics	NULL	NULL	NULL
2015-04-07 00:00:00	PAIEMENTPARCARTE	SUPERU29PLOUGASTELDA03/04	10	0	Food	NULL	NULL	NULL
2015-04-07 00:00:00	PAIEMENTPARCARTE	AVELBREIZHLERELECQKERH04/04	9	0	Toxics	NULL	NULL	NULL
2015-04-07 00:00:00	PAIEMENTPARCARTE	CHEZJINGBREST04/04	44	0	Other	NULL	NULL	NULL
2015-04-07 00:00:00	PAIEMENTPARCARTE	LESAINTYVESPLOUDANIEL05/04	14	0	Toxics	NULL	NULL	NULL
2015-04-07 00:00:00	WEBCOMPTEJOINTCMB	VIREMENTEMIS	650	0	Cmb	NULL	NULL	NULL
2015-04-07 00:00:00	CMB-Commun	CARTE 04/04 LECLERC LE FOLGOET 	28	0	Cmb	NULL	NULL	NULL
2015-04-07 00:00:00	CMB-Commun	VIR KERDRAON FREDERIC 	0	650	Cmb	NULL	NULL	NULL
2015-04-05 00:00:00	CMB-Commun	VIR vers M ou Mme Loaec 	0	-670	Cmb	NULL	NULL	NULL
2015-04-04 00:00:00	CMB-Commun	VIR fabien roudaut 	0	0	Cmb	NULL	NULL	NULL
2015-04-03 00:00:00	CMB-Commun	VIR du COMPTE CHEQUES 1 	0	650	Cmb	NULL	NULL	NULL
2015-04-02 00:00:00	FRAIS	INTDEB1TRIM15TAEG=17,57%	33	0	Bank	NULL	NULL	NULL
2015-04-01 00:00:00	FRAIS	COMMISSIOND'INTERVENTION	16	0	Bank	NULL	NULL	NULL
2015-04-01 00:00:00	COTISATION	COMPTESERVICEOPTION2	6	0	Bank	NULL	NULL	NULL
2015-04-01 00:00:00	VIREMENTENVOTREFAVEUR	POLEEMPLOIBRETAGNE15089755323	0	2340	Salary	NULL	NULL	NULL
2015-03-31 00:00:00	RETROATITRECOMMERCIAL	COMMISSIOND'INTERVENTION	0	24	Bank	NULL	NULL	NULL
2015-03-31 00:00:00	FRAIS	COMMISSIOND'INTERVENTION	24	0	Bank	NULL	NULL	NULL
2015-03-31 00:00:00	RETRAITAUDISTRIBUTEUR	LESNEVEN30/0317H23	60	0	Cash	NULL	NULL	NULL
2015-03-31 00:00:00	PAIEMENTPARCARTE	CASINOCARBSS184LESNEVEN30/03	67	0	Food	NULL	NULL	NULL
2015-03-30 00:00:00	PRELEVEMENT	GAEL	1	0	Bank	NULL	NULL	NULL
2015-03-30 00:00:00	CRCAMDUFINISTERE	PRELEVMNT	14	0	Bank	NULL	NULL	NULL
2015-03-30 00:00:00	RETRAITAUDISTRIBUTEUR	BREST27/0323H14	100	0	Cash	NULL	NULL	NULL
2015-03-30 00:00:00	PAIEMENTPARCARTE	LACACHETTEPLOUIGNEAU28/03	47	0	Other	NULL	NULL	NULL
2015-03-30 00:00:00	CMB-Commun	CARTE 29/03 E.LECLERC LANDERNEAU CED 	92	0	Cmb	NULL	NULL	NULL
2015-03-28 00:00:00	RETRAITAUDISTRIBUTEUR	BRESTPORTCOMM.GD28/0300H58	60	0	Cash	NULL	NULL	NULL
2015-03-27 00:00:00	RETROATITRECOMMERCIAL	COMMISSIOND'INTERVENTION	0	16	Bank	NULL	NULL	NULL
2015-03-27 00:00:00	FRAIS	COMMISSIOND'INTERVENTION	16	0	Bank	NULL	NULL	NULL
2015-03-27 00:00:00	CMB-Commun	CHQ 3926303 	50	0	Cmb	NULL	NULL	NULL
2015-03-26 00:00:00	RETROATITRECOMMERCIAL	COMMISSIOND'INTERVENTION	0	8	Bank	NULL	NULL	NULL
2015-03-26 00:00:00	FRAIS	COMMISSIOND'INTERVENTION	8	0	Bank	NULL	NULL	NULL
2015-03-26 00:00:00	PAIEMENTPARCARTE	LEONVOLLESNEVEN25/03	19	0	Toxics	NULL	NULL	NULL
2015-03-26 00:00:00	PAIEMENTPARCARTE	SOCCERCENTERGUIPAVAS25/03	6	0	Health	NULL	NULL	NULL
2015-03-25 00:00:00	RETROATITRECOMMERCIAL	COMMISSIOND'INTERVENTION	0	16	Bank	NULL	NULL	NULL
2015-03-25 00:00:00	FRAIS	COMMISSIOND'INTERVENTION	16	0	Bank	NULL	NULL	NULL
2015-03-25 00:00:00	RETRAITAUDISTRIBUTEUR	DABBRESTPONTNEUF25/0318H10	80	0	Cash	NULL	NULL	NULL
2015-03-24 00:00:00	RETROATITRECOMMERCIAL	COMMISSIOND'INTERVENTION	0	16	Bank	NULL	NULL	NULL
2015-03-24 00:00:00	FRAIS	COMMISSIOND'INTERVENTION	16	0	Bank	NULL	NULL	NULL
2015-03-24 00:00:00	RETRAITAUDISTRIBUTEUR	LESNEVEN23/0307H50	80	0	Cash	NULL	NULL	NULL
2015-03-24 00:00:00	PAIEMENTPARCARTE	SUPERETTERECOUVRANBREST23/03	16	0	Toxics	NULL	NULL	NULL
2015-03-23 00:00:00	RETROATITRECOMMERCIAL	COMMISSIOND'INTERVENTION	0	8	Bank	NULL	NULL	NULL
2015-03-23 00:00:00	FRAIS	COMMISSIOND'INTERVENTION	8	0	Bank	NULL	NULL	NULL
2015-03-23 00:00:00	CRCAMDUFINISTERE	PRELEVMNT	6	0	Bank	NULL	NULL	NULL
2015-03-23 00:00:00	PAIEMENTPARCARTE	SMCASINOCS184LESNEVEN21/03	13	0	Food	NULL	NULL	NULL
2015-03-23 00:00:00	CMB-Commun	CARTE 21/03 LECLERC LE FOLGOET 	58	-117	Cmb	NULL	NULL	NULL
2015-03-21 00:00:00	CMB-Commun	F FRAIS AVIS TIERS DETENTEUR 	0	0	Cmb	NULL	NULL	NULL
2015-03-20 00:00:00	RETROATITRECOMMERCIAL	COMMISSIOND'INTERVENTION	0	8	Bank	NULL	NULL	NULL
2015-03-20 00:00:00	FRAIS	COMMISSIOND'INTERVENTION	8	0	Bank	NULL	NULL	NULL
2015-03-20 00:00:00	PAIEMENTPARCARTE	SMCASINOCS184LESNEVEN19/03	55	0	Food	NULL	NULL	NULL
2015-03-18 00:00:00	RETROATITRECOMMERCIAL	COMMISSIOND'INTERVENTION	0	16	Bank	NULL	NULL	NULL
2015-03-18 00:00:00	FRAIS	COMMISSIOND'INTERVENTION	16	0	Bank	NULL	NULL	NULL
2015-03-18 00:00:00	PRELEVEMENT	SUPPLETIS018506	100	0	Bank	NULL	NULL	NULL
2015-03-17 00:00:00	RETROATITRECOMMERCIAL	COMMISSIOND'INTERVENTION	0	8	Bank	NULL	NULL	NULL
2015-03-17 00:00:00	FRAIS	COMMISSIOND'INTERVENTION	24	0	Bank	NULL	NULL	NULL
2015-03-17 00:00:00	PAIEMENTPARCARTE	MAGVERT374LESNEVEN16/03	13	0	Home	NULL	NULL	NULL
2015-03-17 00:00:00	PAIEMENTPARCARTE	SMCASINOCS184LESNEVEN16/03	15	0	Food	NULL	NULL	NULL
2015-03-16 00:00:00	FRAIS	COMMISSIOND'INTERVENTION	8	0	Bank	NULL	NULL	NULL
2015-03-16 00:00:00	SFR	PRELEVMNT	39	0	Telephone	NULL	NULL	NULL
2015-03-16 00:00:00	PAIEMENTPARCARTE	SMCASINOCS184LESNEVEN13/03	41	0	Food	NULL	NULL	NULL
2015-03-16 00:00:00	PAIEMENTPARCARTE	LASTORIALANDIVISIAU14/03	13	0	Food	NULL	NULL	NULL
2015-03-16 00:00:00	CMB-Commun	PRLV EDF clients particuliers 	0	-110	Cmb	NULL	NULL	NULL
2015-03-13 00:00:00	SFRFIXEADSL	PRELEVMNT	23	0	Telephone	NULL	NULL	NULL
2015-03-13 00:00:00	CMB-Commun	F COM EXAMEN CPTE/INTERV 02/15 	0	0	Cmb	NULL	NULL	NULL
2015-03-12 00:00:00	FRAIS	COMMISSIOND'INTERVENTION	16	0	Bank	NULL	NULL	NULL
2015-03-12 00:00:00	CMB-Commun	CHQ 3926302 	20	0	Cmb	NULL	NULL	NULL
2015-03-11 00:00:00	FRAIS	COMMISSIOND'INTERVENTION	16	0	Bank	NULL	NULL	NULL
2015-03-11 00:00:00	PAIEMENTPARCARTE	SMCASINOCS184LESNEVEN10/03	20	0	Food	NULL	NULL	NULL
2015-03-11 00:00:00	PAIEMENTPARCARTE	SDFVETERINAIRELESNEVEN10/03	140	0	Health	NULL	NULL	NULL
2015-03-11 00:00:00	CMB-Commun	CHQ 3926301 	0	0	Cmb	NULL	NULL	NULL
2015-03-11 00:00:00	CMB-Commun	F COTISATION EUROCOMPTE 	78	0	Cmb	NULL	NULL	NULL
2015-03-10 00:00:00	RETRAITAUDISTRIBUTEUR	LESNEVEN09/0310H49	60	0	Cash	NULL	NULL	NULL
2015-03-10 00:00:00	PAIEMENTPARCARTE	MAGVERT374LESNEVEN09/03	109	0	Home	NULL	NULL	NULL
2015-03-10 00:00:00	CMB-Commun	CARTE 09/03 GIFI LESNEVEN 	99	0	Cmb	NULL	NULL	NULL
2015-03-10 00:00:00	CMB-Commun	VIR du COMPTE CHEQUES 1 cordonni 	0	10	Cmb	NULL	NULL	NULL
2015-03-09 00:00:00	PRELEVEMENT	PRETPERSONNEL018506	146	0	Debt	NULL	NULL	NULL
2015-03-09 00:00:00	PRELEVEMENT	PRETPERSONNEL018506	383	0	Debt	NULL	NULL	NULL
2015-03-09 00:00:00	B-PREDICA	PRELEVMNT	4	0	Bank	NULL	NULL	NULL
2015-03-09 00:00:00	EDFclientsparticuliers	PRELEVMNT	35	0	Energy	NULL	NULL	NULL
2015-03-09 00:00:00	CMB-Commun	CARTE 07/03 LECLERC LE FOLGOET 	84	-126	Cmb	NULL	NULL	NULL
2015-03-06 00:00:00	PAIEMENTPARCARTE	MAGVERT374LESNEVEN05/03	30	0	Home	NULL	NULL	NULL
2015-03-06 00:00:00	PAIEMENTPARCARTE	LIDAHOLESNEVEN05/03	71	0	Toxics	NULL	NULL	NULL
2015-03-05 00:00:00	MMAIARDSA	PRELEVMNT	101	0	Bank	NULL	NULL	NULL
2015-03-05 00:00:00	PAIEMENTPARCARTE	SOCCERCENTERGUIPAVAS04/03	9	0	Health	NULL	NULL	NULL
2015-03-05 00:00:00	PAIEMENTPARCARTE	LEONVOLLESNEVEN04/03	11	0	Toxics	NULL	NULL	NULL
2015-03-05 00:00:00	WEBCOMPTEJOINTCMB	VIREMENTEMIS	650	0	Cmb	NULL	NULL	NULL
2015-03-05 00:00:00	CMB-Commun	VIR KERDRAON FREDERIC 	0	650	Cmb	NULL	NULL	NULL
2015-03-05 00:00:00	CMB-Commun	VIR vers M ou Mme Loaec 	0	-670	Cmb	NULL	NULL	NULL
2015-03-04 00:00:00	PAIEMENTPARCARTE	MAGVERT374LESNEVEN03/03	17	0	Home	NULL	NULL	NULL
2015-03-04 00:00:00	PAIEMENTPARCARTE	SMCASINOCS184LESNEVEN03/03	10	0	Food	NULL	NULL	NULL
2015-03-03 00:00:00	FRAIS	COMMISSIOND'INTERVENTION	24	0	Bank	NULL	NULL	NULL
2015-03-03 00:00:00	VIREMENTENVOTREFAVEUR	POLEEMPLOIBRETAGNE15060751954	0	2113	Salary	NULL	NULL	NULL
2015-03-03 00:00:00	CMB-Commun	VIR du COMPTE CHEQUES 1 	0	650	Cmb	NULL	NULL	NULL
2015-03-02 00:00:00	COTISATION	COMPTESERVICEOPTION2	6	0	Bank	NULL	NULL	NULL
2015-03-02 00:00:00	CRCAMDUFINISTERE	PRELEVMNT	14	0	Bank	NULL	NULL	NULL
2015-03-02 00:00:00	RETRAITAUDISTRIBUTEUR	LESNEVEN27/0221H56	80	0	Cash	NULL	NULL	NULL
2015-03-02 00:00:00	PAIEMENTPARCARTE	LECLERCLEFOLGOET28/02	77	0	Food	NULL	NULL	NULL
2015-02-26 00:00:00	PRELEVEMENT	GAEL	1	0	Bank	NULL	NULL	NULL
2015-02-26 00:00:00	FRAIS	COMMISSIOND'INTERVENTION	8	0	Bank	NULL	NULL	NULL
2015-02-25 00:00:00	RETRAITAUDISTRIBUTEUR	BRESTRECOUVRANC24/0216H30	60	0	Cash	NULL	NULL	NULL
2015-02-24 00:00:00	FRAIS	COMMISSIOND'INTERVENTION	24	0	Bank	NULL	NULL	NULL
2015-02-23 00:00:00	CRCAMDUFINISTERE	PRELEVMNT	5	0	Bank	NULL	NULL	NULL
2015-02-23 00:00:00	PAIEMENTPARCARTE	LECLERCLEFOLGOET20/02	119	0	Food	NULL	NULL	NULL
2015-02-23 00:00:00	PAIEMENTPARCARTE	CARREFOURBREST21/02	68	0	Food	NULL	NULL	NULL
2015-02-23 00:00:00	PAIEMENTPARCARTE	LEMASTERBREST22/02	63	0	Toxics	NULL	NULL	NULL
2015-02-21 00:00:00	RETRAITAUDISTRIBUTEUR	BRESTSTMARTINAG21/0217H44	80	0	Cash	NULL	NULL	NULL
2015-02-20 00:00:00	CMB-Commun	PRLV EDF clients particuliers 	0	0	Cmb	NULL	NULL	NULL
2015-02-18 00:00:00	PRELEVEMENT	SUPPLETIS018506	100	0	Bank	NULL	NULL	NULL
2015-02-18 00:00:00	SFR	PRELEVMNT	39	0	Telephone	NULL	NULL	NULL
2015-02-18 00:00:00	RETRAITAUDISTRIBUTEUR	LESNEVEN17/0218H04	60	0	Cash	NULL	NULL	NULL
2015-02-16 00:00:00	PAIEMENTPARCARTE	SMCASINOCS184LESNEVEN13/02	172	0	Food	NULL	NULL	NULL
2015-02-16 00:00:00	PAIEMENTPARCARTE	AUCOQENPATELESNEVEN13/02	167	0	Food	NULL	NULL	NULL
2015-02-13 00:00:00	SFRFIXEADSL	PRELEVMNT	30	0	Telephone	NULL	NULL	NULL
2015-02-13 00:00:00	PAIEMENTPARCARTE	LAPOSTE291240LESNEVEN12/02	24	0	Toxics	NULL	NULL	NULL
2015-02-13 00:00:00	PAIEMENTPARCARTE	LAPOSTEL291240LESNEVEN12/02	5	0	Toxics	NULL	NULL	NULL
2015-02-13 00:00:00	PAIEMENTPARCARTE	SMCASINOCS184LESNEVEN12/02	15	0	Food	NULL	NULL	NULL
2015-02-12 00:00:00	REMISEDECHEQUE	7133765	0	100	Other	NULL	NULL	NULL
2015-02-12 00:00:00	CMB-Commun	VIR du LIVRET EPARGNE POPULAIRE 	0	5	Cmb	NULL	NULL	NULL
2015-02-11 00:00:00	FRAIS	COMMISSIOND'INTERVENTION	8	0	Bank	NULL	NULL	NULL
2015-02-11 00:00:00	RETRAITAUDISTRIBUTEUR	LESNEVEN10/0218H32	60	0	Cash	NULL	NULL	NULL
2015-02-11 00:00:00	PAIEMENTPARCARTE	LEONVOLLESNEVEN10/02	10	0	Toxics	NULL	NULL	NULL
2015-02-11 00:00:00	VIREMENTENVOTREFAVEUR	PREDICA82900248129118UCIX2GSE	0	700	Bank	NULL	NULL	NULL
2015-02-09 00:00:00	PRELEVEMENT	PRETPERSONNEL018506	146	0	Debt	NULL	NULL	NULL
2015-02-09 00:00:00	PRELEVEMENT	PRETPERSONNEL018506	383	0	Debt	NULL	NULL	NULL
2015-02-09 00:00:00	B-PREDICA	PRELEVMNT	4	0	Bank	NULL	NULL	NULL
2015-02-09 00:00:00	PAIEMENTPARCARTE	LEONVOLLESNEVEN07/02	10	0	Toxics	NULL	NULL	NULL
2015-02-09 00:00:00	PAIEMENTPARCARTE	LAGITANELESNEVEN07/02	70	0	Toxics	NULL	NULL	NULL
2015-02-09 00:00:00	PAIEMENTPARCARTE	LACHAUMIERELESNEVEN08/02	44	0	Toxics	NULL	NULL	NULL
2015-02-09 00:00:00	CMB-Commun	VIR KERDRAON FREDERIC 	0	335	Cmb	NULL	NULL	NULL
2015-02-07 00:00:00	WEBMYRIAMROUDAUTVirementdel	VIREMENTEMIS	80	0	Bank	NULL	NULL	NULL
2015-02-07 00:00:00	CMB-Commun	F COTISATION EUROCOMPTE 	78	0	Cmb	NULL	NULL	NULL
2015-02-06 00:00:00	WEBCOMPTEJOINTCMBVirementde	VIREMENTEMIS	335	0	Cmb	NULL	NULL	NULL
2015-02-06 00:00:00	WEBMYRIAMROUDAUTVirementdel	VIREMENTEMIS	569	0	Bank	NULL	NULL	NULL
2015-02-05 00:00:00	EDFclientsparticuliers	PRELEVMNT	35	0	Energy	NULL	NULL	NULL
2015-02-05 00:00:00	MMAIARDSA	PRELEVMNT	101	0	Bank	NULL	NULL	NULL
2015-02-05 00:00:00	DOSSIERFAMILIAL	PRELEVMNT	10	0	Other	NULL	NULL	NULL
2015-02-05 00:00:00	CMB-Commun	VIR vers M ou Mme Loaec 	0	-670	Cmb	NULL	NULL	NULL
2015-02-04 00:00:00	FRAIS	COMMISSIOND'INTERVENTION	8	0	Bank	NULL	NULL	NULL
2015-02-04 00:00:00	VIREMENTENVOTREFAVEUR	POLEEMPLOIBRETAGNE15033753871	0	2340	Salary	NULL	NULL	NULL
2015-02-04 00:00:00	CMB-Commun	VIR du COMPTE CHEQUES 1 1er loye 	0	335	Cmb	NULL	NULL	NULL
2015-02-03 00:00:00	FRAIS	COMMISSIOND'INTERVENTION	24	0	Bank	NULL	NULL	NULL
2015-02-03 00:00:00	RETRAITAUDISTRIBUTEUR	BREST02/0218H25	60	0	Cash	NULL	NULL	NULL
2015-02-02 00:00:00	COTISATION	COMPTESERVICEOPTION2	6	0	Bank	NULL	NULL	NULL
2015-02-02 00:00:00	RETRAITAUDISTRIBUTEUR	BREST31/0108H40	60	0	Cash	NULL	NULL	NULL
2015-02-02 00:00:00	PAIEMENTPARCARTE	SUPERU29BREST30/01	12	0	Food	NULL	NULL	NULL
2015-02-02 00:00:00	PAIEMENTPARCARTE	SUPERU29BREST30/01	58	0	Food	NULL	NULL	NULL
2015-02-02 00:00:00	PAIEMENTPARCARTE	STATIONU29BREST31/01	62	0	Energy	NULL	NULL	NULL
2015-02-02 00:00:00	PAIEMENTPARCARTE	SUPERU29BREST31/01	27	0	Food	NULL	NULL	NULL
2015-02-02 00:00:00	PAIEMENTPARCARTE	REL.ELF07494BREST31/01	10	0	Other	NULL	NULL	NULL
2015-02-02 00:00:00	PAIEMENTPARCARTE	LACHAUMIERELESNEVEN30/01	14	0	Toxics	NULL	NULL	NULL
2015-02-02 00:00:00	WEBMONFORTNICOLE	VIREMENTEMIS	486	0	Rent	NULL	NULL	NULL
2015-01-30 00:00:00	PAIEMENTPARCARTE	SUPERETTERECOUVRANBREST29/01	20	0	Toxics	NULL	NULL	NULL
2015-01-29 00:00:00	PRELEVEMENT	GAEL	1	0	Bank	NULL	NULL	NULL
2015-01-29 00:00:00	PAIEMENTPARCARTE	LETHALASSABREST28/01	10	0	Toxics	NULL	NULL	NULL
2015-01-29 00:00:00	PAIEMENTPARCARTE	SUPERUBREST28/01	32	0	Food	NULL	NULL	NULL
2015-01-28 00:00:00	CRCAMDUFINISTERE	PRELEVMNT	14	0	Bank	NULL	NULL	NULL
2015-01-27 00:00:00	PAIEMENTPARCARTE	SUPERETTERECOUVRANBREST26/01	20	0	Toxics	NULL	NULL	NULL
2015-01-26 00:00:00	PAIEMENTPARCARTE	LESAILORROSCOFF25/01	71	0	Toxics	NULL	NULL	NULL
2015-01-26 00:00:00	PAIEMENTPARCARTE	CASINO24PORTEBREST21/01	7	0	Food	NULL	NULL	NULL
2015-01-23 00:00:00	RETRAITAUDISTRIBUTEUR	LESNEVEN22/0111H23	60	0	Cash	NULL	NULL	NULL
2015-01-23 00:00:00	PAIEMENTPARCARTE	LACHAUMIERELESNEVEN22/01	10	0	Toxics	NULL	NULL	NULL
2015-01-22 00:00:00	PAIEMENTPARCARTE	SOCCERCENTERGUIPAVAS21/01	8	0	Health	NULL	NULL	NULL
2015-01-22 00:00:00	PAIEMENTPARCARTE	SUPERETTERECOUVRANBREST21/01	27	0	Toxics	NULL	NULL	NULL
2015-01-21 00:00:00	CRCAMDUFINISTERE	PRELEVMNT	5	0	Bank	NULL	NULL	NULL
2015-01-21 00:00:00	PAIEMENTPARCARTE	SUPERETTERECOUVRANBREST20/01	20	0	Toxics	NULL	NULL	NULL
2015-01-20 00:00:00	PAIEMENTPARCARTE	SUPERETTERECOUVRANBREST19/01	18	0	Toxics	NULL	NULL	NULL
2015-01-19 00:00:00	SFR	PRELEVMNT	73	0	Telephone	NULL	NULL	NULL
2015-01-19 00:00:00	PAIEMENTPARCARTE	CASTORAMABREST17/01	109	0	Home	NULL	NULL	NULL
2015-01-19 00:00:00	PAIEMENTPARCARTE	CAFECREPERIEPLOUGASTELD16/01	32	0	Food	NULL	NULL	NULL
2015-01-19 00:00:00	PAIEMENTPARCARTE	BIBUSBRESTCEDEX916/01	2	0	Transport	NULL	NULL	NULL
2015-01-19 00:00:00	PAIEMENTPARCARTE	SUPERETTERECOUVRANBREST16/01	22	0	Toxics	NULL	NULL	NULL
2015-01-19 00:00:00	PAIEMENTPARCARTE	SUPERETTERECOUVRANBREST18/01	29	0	Toxics	NULL	NULL	NULL
2015-01-19 00:00:00	PAIEMENTPARCARTE	SUPERETTERECOUVRANBREST17/01	19	0	Toxics	NULL	NULL	NULL
2015-01-16 00:00:00	PRELEVEMENT	SUPPLETIS018506	100	0	Bank	NULL	NULL	NULL
2015-01-16 00:00:00	CRCAMDUFINISTERE	PRELEVMNT	431	0	Bank	NULL	NULL	NULL
2015-01-16 00:00:00	PAIEMENTPARCARTE	OSAKABREST15/01	19	0	Food	NULL	NULL	NULL
2015-01-16 00:00:00	PAIEMENTPARCARTE	CASINO24PORTEBREST15/01	3	0	Food	NULL	NULL	NULL
2015-01-15 00:00:00	PAIEMENTPARCARTE	SASTERENBREST14/01	40	0	Other	NULL	NULL	NULL
2015-01-15 00:00:00	PAIEMENTPARCARTE	LAPETITECONCURBREST14/01	21	0	Toxics	NULL	NULL	NULL
2015-01-14 00:00:00	RETRAITAUDISTRIBUTEUR	BREST13/0112H16	60	0	Cash	NULL	NULL	NULL
2015-01-14 00:00:00	PAIEMENTPARCARTE	CARREFOURBREST13/01	74	0	Food	NULL	NULL	NULL
2015-01-14 00:00:00	PAIEMENTPARCARTE	TABACPRDIDOUBREST13/01	71	0	Toxics	NULL	NULL	NULL
2015-01-13 00:00:00	PAIEMENTPARCARTE	AUMIMIMARIEBREST12/01	14	0	Food	NULL	NULL	NULL
2015-01-13 00:00:00	PAIEMENTPARCARTE	L'HERROUBREST12/01	29	0	Rent	NULL	NULL	NULL
2015-01-13 00:00:00	PAIEMENTPARCARTE	BRICODEPOTBRESTCEDEX12/01	24	0	Home	NULL	NULL	NULL
2015-01-12 00:00:00	SFRFIXEADSL	PRELEVMNT	28	0	Telephone	NULL	NULL	NULL
2015-01-12 00:00:00	PAIEMENTPARCARTE	CARREFOURCITYBREST10/01	33	0	Food	NULL	NULL	NULL
2015-01-12 00:00:00	PAIEMENTPARCARTE	PIZZABREIZHBREST11/01	16	0	Food	NULL	NULL	NULL
2015-01-12 00:00:00	PAIEMENTPARCARTE	LEBODRUMBREST09/01	15	0	Toxics	NULL	NULL	NULL
2015-01-12 00:00:00	PAIEMENTPARCARTE	SUPERETTERECOUVRANBREST09/01	27	0	Toxics	NULL	NULL	NULL
2015-01-09 00:00:00	PRELEVEMENT	PRETPERSONNEL018506	146	0	Debt	NULL	NULL	NULL
2015-01-09 00:00:00	PRELEVEMENT	PRETPERSONNEL018506	383	0	Debt	NULL	NULL	NULL
2015-01-09 00:00:00	PAIEMENTPARCARTE	SUPERETTERECOUVRANBREST08/01	18	0	Toxics	NULL	NULL	NULL
2015-01-08 00:00:00	PAIEMENTPARCARTE	CHEZJINGBREST07/01	19	0	Other	NULL	NULL	NULL
2015-01-08 00:00:00	PAIEMENTPARCARTE	L'HERROUBREST07/01	65	0	Rent	NULL	NULL	NULL
2015-01-08 00:00:00	PAIEMENTPARCARTE	BRICODEPOTBRESTCEDEX07/01	10	0	Home	NULL	NULL	NULL
2015-01-08 00:00:00	PAIEMENTPARCARTE	SUPERETTERECOUVRANBREST07/01	42	0	Toxics	NULL	NULL	NULL
2015-01-08 00:00:00	PAIEMENTPARCARTE	CASINO24PORTEBREST06/01	1	0	Food	NULL	NULL	NULL
2015-01-07 00:00:00	B-PREDICA	PRELEVMNT	4	0	Bank	NULL	NULL	NULL
2015-01-07 00:00:00	PAIEMENTPARCARTE	SUPERETTERECOUVRANBREST29/12	36	0	Toxics	NULL	NULL	NULL
2015-01-06 00:00:00	FRAIS	INTDEB4TRIM14TAEG1688	2	0	Bank	NULL	NULL	NULL
2015-01-06 00:00:00	EDFclientsparticuliers	PRELEVMNT	35	0	Energy	NULL	NULL	NULL
2015-01-06 00:00:00	PAIEMENTPARCARTE	LESAILORROSCOFF05/01	23	0	Toxics	NULL	NULL	NULL
2015-01-06 00:00:00	VIREMENTENVOTREFAVEUR	POLEEMPLOIBRETAGNE15002751397	0	2340	Salary	NULL	NULL	NULL
2015-01-06 00:00:00	FRAIS	INTDEB4TRIM14TAEG=16,88%	2	0	Bank	NULL	NULL	NULL
2015-01-05 00:00:00	MMAIARDSA	PRELEVMNT	103	0	Bank	NULL	NULL	NULL
2015-01-05 00:00:00	PAIEMENTPARCARTE	CARREFOURBREST03/01	62	0	Food	NULL	NULL	NULL
2015-01-02 00:00:00	COTISATION	COMPTESERVICEOPTION2	6	0	Bank	NULL	NULL	NULL
2015-01-02 00:00:00	PAIEMENTPARCARTE	LETHALASSABREST01/01	37	0	Toxics	NULL	NULL	NULL
2015-01-02 00:00:00	PAIEMENTPARCARTE	LELAFAYETTEBREST31/12	70	0	Toxics	NULL	NULL	NULL
2015-01-02 00:00:00	PAIEMENTPARCARTE	CARREFOURCITYBREST31/12	4	0	Food	NULL	NULL	NULL
2015-01-02 00:00:00	PAIEMENTPARCARTE	PAIXBREST01/01	18	0	Other	NULL	NULL	NULL
2015-01-02 00:00:00	PAIEMENTPARCARTE	SUPERUBREST31/12	32	0	Food	NULL	NULL	NULL
2015-01-02 00:00:00	PAIEMENTPARCARTE	LECLERCDBDISBREST31/12	60	0	Food	NULL	NULL	NULL
2015-01-02 00:00:00	WEBMONFORTNICOLE	VIREMENTEMIS	486	0	Rent	NULL	NULL	NULL
