<NeuralNetwork>
    <Inputs>
        <InputsNumber>1</InputsNumber>
        <Item Index="1">
            <Name>x</Name>
            <Units></Units>
            <Description></Description>
        </Item>
    </Inputs>
    <ScalingLayer>
        <ScalingNeuronsNumber>1</ScalingNeuronsNumber>
        <Statistics Index="1">
            <Minimum>0</Minimum>
            <Maximum>1</Maximum>
            <Mean>0.5</Mean>
            <StandardDeviation>0.331662</StandardDeviation>
        </Statistics>
        <ScalingMethod>MinimumMaximum</ScalingMethod>
    </ScalingLayer>
    <MultilayerPerceptron>
        <Architecture>1 15 1</Architecture>
        <LayersActivationFunction>HyperbolicTangent Linear</LayersActivationFunction>
        <Parameters>1.07535 -1.99275 -1.85787 1.81672 -0.227203 -1.31847 1.1571 -1.11485 -0.661283 -0.460504 0.0804391 1.4171 0.223436 0.490726 -0.625936 0.266763 0.663747 -0.577722 -0.834252 -0.112456 0.642766 -0.397012 1.83309 -0.531162 2.40101 2.69226 -1.26983 0.104289 1.05125 0.583721 0.196834 0.176508 0.774922 2.25787 -1.54656 -0.533542 -0.993797 0.495435 0.625927 -0.322448 0.249512 0.146787 -0.115717 1.63532 0.0925491 1.15703</Parameters>
    </MultilayerPerceptron>
    <UnscalingLayer>
        <UnscalingNeuronsNumber>1</UnscalingNeuronsNumber>
        <Statistics Index="1">
            <Minimum>0.129</Minimum>
            <Maximum>0.908</Maximum>
            <Mean>0.496091</Mean>
            <StandardDeviation>0.261482</StandardDeviation>
        </Statistics>
        <UnscalingMethod>MinimumMaximum</UnscalingMethod>
    </UnscalingLayer>
    <Outputs>
        <OutputsNumber>1</OutputsNumber>
        <Item Index="1">
            <Name>y</Name>
            <Units></Units>
            <Description></Description>
        </Item>
    </Outputs>
</NeuralNetwork>
